delta,ticker,exit_dte,held_days,ret,dd,calmar,sharpe,trades,in_mkt,pf,win
0.2,NBIS,0,165,0.1156960973805774,-0.43220030171002255,0.2676909222941768,0.44134643607196034,3,0.9779005524861878,2.024166679044533,0.3333333333333333
0.2,NBIS,15,150,0.1709170644732836,-0.40810169465953383,0.41880998464334784,0.4580477910625641,3,0.994475138121547,3.425402394346727,0.3333333333333333
0.2,NBIS,30,135,0.10394710299146959,-0.3671728135736946,0.2831013058394819,0.36924274192511947,3,1.0,1.472501000107244,0.3333333333333333
0.2,NBIS,45,120,0.5752627001121764,-0.2737014662801638,2.101788886740312,1.0428904719189676,4,0.9502762430939227,9.160369080377912,0.5
0.2,NBIS,60,105,0.12490255502845149,-0.17758590610206637,0.703335967194742,0.44413074118091905,5,0.9972375690607734,2.939050770846439,0.6
0.2,NBIS,75,90,0.27239678290127856,-0.31427524625605563,0.8667459055281223,0.6118979138088335,5,0.994475138121547,5.79430312644517,0.6
0.2,NBIS,90,75,0.8286225005722747,-0.1402735509007913,5.907189881849639,1.3472512803262455,6,0.9033149171270718,9.540033491879969,0.5
0.2,NBIS,105,60,0.5205652925170465,-0.21241717344694044,2.450674227840049,1.1238819207390063,8,0.9530386740331491,7.200187839218712,0.625
0.2,NBIS,120,45,0.5834980641009191,-0.08501339640937855,6.8636013704370535,1.3335518028234303,10,0.8977900552486188,5.578730831271747,0.4
0.2,NBIS,135,30,0.3665868637843872,-0.08205409505913952,4.467624236428104,1.0012973015392623,15,0.9005524861878453,3.2298782713941354,0.4
0.2,BE,0,165,1.2739982530551903,-0.7639700447775855,1.6676023644697866,0.42919259013530653,16,1.0,3.268625568880768,0.1875
0.2,BE,15,150,2.684808308800244,-0.60711779909349,4.422219728706736,0.5821280532579621,18,0.9658385093167702,5.18698158231196,0.2222222222222222
0.2,BE,30,135,1.387800917210309,-0.5700915459957073,2.434347477976386,0.4175392221636591,20,0.9653209109730849,2.9891780450621215,0.2
0.2,BE,45,120,2.858243911022216,-0.5159820536711683,5.539425045282204,0.561116480614777,23,0.9865424430641822,5.148597153319932,0.30434782608695654
0.2,BE,60,105,3.5741723018193046,-0.6549909470919135,5.456827025912693,0.6602928796454964,26,0.972567287784679,5.40237623140285,0.23076923076923078
0.2,BE,75,90,2.617629992715193,-0.330271287830346,7.925696508198494,0.616877016703497,30,0.9720496894409938,4.1611890083206875,0.26666666666666666
0.2,BE,90,75,2.928667109929068,-0.3960266311417202,7.395126690055925,0.643458774266563,36,0.9865424430641822,4.204315792688914,0.3055555555555556
0.2,BE,105,60,2.2435042916303365,-0.3604629012005208,6.22395337816555,0.6388976483767744,45,0.974120082815735,3.035898550327525,0.3333333333333333
0.2,BE,120,45,1.5232185881270426,-0.43790941828405827,3.4783873662634446,0.49152405081016015,60,0.9736024844720497,2.2045453806667186,0.31666666666666665
0.2,BE,135,30,1.9825587001371545,-0.36516179307768515,5.429261050088506,0.6140191024011873,89,0.9653209109730849,2.1364352042287704,0.3258426966292135
0.2,CRDO,0,165,0.5050574512142878,-0.41271442068016073,1.223745587522588,0.43398488601096874,9,0.9732824427480916,2.6603113230729085,0.2222222222222222
0.2,CRDO,15,150,0.5061030150455994,-0.4139661043446192,1.2225711470914968,0.43509173465620765,10,0.9837786259541985,2.78219492942205,0.3
0.2,CRDO,30,135,0.7098982827171318,-0.35480272683307634,2.000825329200801,0.45456962082032587,11,0.9742366412213741,3.839354138543479,0.36363636363636365
0.2,CRDO,45,120,0.691780910586234,-0.4325651799773039,1.5992524193059894,0.469704425114115,12,0.9961832061068703,3.2182455181381924,0.25
0.2,CRDO,60,105,0.9401844582474377,-0.30156616496699495,3.1176722307369484,0.5765616491844467,14,0.9618320610687023,4.20180985288775,0.42857142857142855
0.2,CRDO,75,90,0.6713082177875613,-0.3343920706024788,2.0075482548914994,0.5073174419611874,16,1.0,3.1378668671768497,0.4375
0.2,CRDO,90,75,0.8051120742564228,-0.19122226126122832,4.210347001160921,0.676752825891456,19,0.9551526717557252,3.4448851240914617,0.47368421052631576
0.2,CRDO,105,60,0.7712183943663022,-0.313096375879345,2.463198087810187,0.5835632461917335,24,0.9541984732824428,2.968664424679484,0.3333333333333333
0.2,CRDO,120,45,0.9037513048271515,-0.23363146336929963,3.86827737922695,0.7528072456006948,32,0.9532442748091603,2.917348679559737,0.4375
0.2,CRDO,135,30,1.0340397925063547,-0.1817329795591659,5.689885209688688,0.9033204630494798,48,0.9580152671755725,2.6074455656503996,0.4583333333333333
0.2,ASX,0,165,0.8883351086508207,-0.3196731043751768,2.7788859822509404,0.4192041118573666,24,1.0,2.348445293593426,0.125
0.2,ASX,15,150,2.057204711892426,-0.18974336716493523,10.842037551195094,0.8063671814088971,27,0.9996451383960255,8.080904520727701,0.2962962962962963
0.2,ASX,30,135,1.253438101528098,-0.20989712879425138,5.971678167912256,0.6087658895693806,30,1.0,4.60409427669485,0.2
0.2,ASX,45,120,0.5013855446464843,-0.3526065884212368,1.4219403752249538,0.2941982824871773,34,0.9975159687721789,2.609557567081183,0.29411764705882354
0.2,ASX,60,105,0.6975144426981628,-0.2193144692248532,3.1804305715143344,0.47798137785166994,38,0.9964513839602555,2.653151779114004,0.21052631578947367
0.2,ASX,75,90,0.5017624567543826,-0.2525120613972677,1.9870831277440593,0.42478489915416406,44,0.9932576295244855,2.1601825265446886,0.18181818181818182
0.2,ASX,90,75,0.4612124717131758,-0.19434267809873218,2.373191911448629,0.38294555842404104,53,0.9971611071682044,2.0249911687188007,0.2641509433962264
0.2,ASX,105,60,0.36325209779865286,-0.2664193571268756,1.3634598541038558,0.3088708495721491,67,0.9950319375443577,1.7894041646996053,0.22388059701492538
0.2,ASX,120,45,0.39559494639857173,-0.29172964588850914,1.3560327240439491,0.334587887219741,89,0.9925479063165366,1.7546837170334375,0.33707865168539325
0.2,ASX,135,30,0.35043903749320005,-0.34861040297257506,1.0052454961327384,0.32682650239800015,134,0.9957416607523066,1.4218190009126697,0.3208955223880597
0.3,NBIS,0,165,0.2304670968066811,-0.34380211136749417,0.6703481135993725,0.5390863108276615,3,0.9447513812154696,6.365422737128752,0.6666666666666666
0.3,NBIS,15,150,0.18311721209367815,-0.3667351808355912,0.49931727759647443,0.4935634822359676,3,0.856353591160221,3.813728286472143,0.3333333333333333
0.3,NBIS,30,135,0.17429993346506878,-0.320269430512807,0.5442290673386602,0.46872149269871677,3,1.0,1.6102596978481947,0.3333333333333333
0.3,NBIS,45,120,0.6616299069891101,-0.24735538802200518,2.6748150193124163,1.1967866714619946,4,0.9171270718232044,8.530568403143695,0.5
0.3,NBIS,60,105,0.14632973894496115,-0.10112998739104995,1.4469470700034064,0.5587768087903394,4,0.7983425414364641,2.7904531440301703,0.5
0.3,NBIS,75,90,0.20441172968762267,-0.1824004654337803,1.1206754829352858,0.6898912300847609,5,0.856353591160221,3.8970471330746053,0.6
0.3,NBIS,90,75,0.5877348093473689,-0.10836644363737846,5.423586763759437,1.2598220151406219,6,0.861878453038674,7.5412632522176875,0.5
0.3,NBIS,105,60,0.2391594042095868,-0.14543488319479703,1.644443196542154,0.9301643059038178,7,0.8038674033149171,3.3521150800916786,0.5714285714285714
0.3,NBIS,120,45,0.29233909510904876,-0.09804726698244604,2.9816139103743495,1.2270607222208016,9,0.7707182320441989,3.3900212899166218,0.4444444444444444
0.3,NBIS,135,30,0.1579526303584644,-0.10369687091926261,1.5232150108120892,0.7738118972960445,13,0.7486187845303868,2.1592698766582883,0.46153846153846156
0.3,BE,0,165,1.0359198103456184,-0.7616906423699981,1.3600269620253667,0.40529319269901315,16,0.9425465838509317,2.8984017384101146,0.1875
0.3,BE,15,150,2.042787033600517,-0.47143868377111564,4.333091670076642,0.6041095921526219,18,0.9642857142857143,4.498553138827729,0.2222222222222222
0.3,BE,30,135,1.1607731842818598,-0.46480983728719505,2.497307696963921,0.4197281483833225,20,0.9632505175983437,2.8838758314748945,0.25
0.3,BE,45,120,1.951903203553301,-0.4049103871617039,4.820580714749099,0.5411132321385715,22,0.9415113871635611,4.040290484518191,0.3181818181818182
0.3,BE,60,105,2.5122671352312893,-0.5255118151596765,4.780610183746179,0.717331525501215,25,0.9332298136645962,4.499565945316217,0.24
0.3,BE,75,90,1.6318859599660493,-0.2597856945259541,6.281662132873965,0.592873030734072,29,0.9368530020703933,3.3601050667200867,0.27586206896551724
0.3,BE,90,75,1.942128042235887,-0.3034141580666737,6.4009143627671925,0.667038225019344,34,0.9290890269151139,3.612868409838519,0.3235294117647059
0.3,BE,105,60,1.5485364891145919,-0.28357537165607505,5.460758034349622,0.6336746708321617,43,0.9285714285714286,2.611542787957391,0.37209302325581395
0.3,BE,120,45,0.7645873221106674,-0.3581357003890522,2.1349095364692103,0.4185447129240642,57,0.9228778467908902,1.7408409953772708,0.3508771929824561
0.3,BE,135,30,1.589231321244616,-0.2853736992975172,5.568948102634217,0.6480711949137713,86,0.9311594202898551,2.080405665639951,0.3372093023255814
0.3,CRDO,0,165,0.4331739955309495,-0.33002577035929626,1.3125459719686636,0.41472926440489266,9,0.9751908396946565,2.538401176707325,0.2222222222222222
0.3,CRDO,15,150,0.6981366069817114,-0.3262833064514019,2.1396638846605995,0.542107946070276,10,0.9847328244274809,3.639170635614303,0.4
0.3,CRDO,30,135,0.5945066634110288,-0.34679438918120387,1.714291470558921,0.4871428757295444,11,0.9751908396946565,3.5042712872837867,0.45454545454545453
0.3,CRDO,45,120,0.7851950610770302,-0.33214574609394654,2.3640075789347605,0.5655609442752711,12,0.9446564885496184,4.171037606445099,0.3333333333333333
0.3,CRDO,60,105,0.8542976738089478,-0.2630879396183218,3.2471943603660858,0.6658187325343876,13,0.8950381679389313,5.227900003205901,0.46153846153846156
0.3,CRDO,75,90,0.6096111972875571,-0.24360783310613887,2.5024285529519577,0.5694119903128021,15,0.892175572519084,3.7581448933905297,0.5333333333333333
0.3,CRDO,90,75,0.7579976087342231,-0.1757261584646379,4.313516071579963,0.7577030046258965,18,0.9045801526717557,3.8925240150418774,0.5555555555555556
0.3,CRDO,105,60,0.8540936309097713,-0.24462686878901085,3.4914138219478326,0.7331073999849295,23,0.916030534351145,4.163540424210101,0.43478260869565216
0.3,CRDO,120,45,0.7564298807537175,-0.20431433011376798,3.702285005327409,0.8154051620724183,30,0.8950381679389313,3.0990733994084234,0.5
0.3,CRDO,135,30,0.9174439295574552,-0.1531670868315279,5.989824240547014,1.0316623531132527,44,0.8816793893129771,2.7778452651102454,0.45454545454545453
0.3,ASX,0,165,0.925425091884009,-0.3005213662706151,3.0793986576338046,0.44464856768785177,24,1.0,2.1481589297894725,0.25
0.3,ASX,15,150,1.6208689360143258,-0.1663205764629827,9.745450445664346,0.7766256623935289,27,1.0,4.602203464964341,0.2962962962962963
0.3,ASX,30,135,1.143121351472793,-0.23336472091495752,4.898432577944666,0.5818887944678931,30,1.0,3.3559891471087826,0.2
0.3,ASX,45,120,0.4772858937721285,-0.2909245420408869,1.6405831231146188,0.2998632447816274,34,1.0,1.963810692573535,0.3235294117647059
0.3,ASX,60,105,0.6500154932410711,-0.20827350390465338,3.120970651834067,0.38908988055479987,39,1.0,2.4525445164094637,0.28205128205128205
0.3,ASX,75,90,0.5358100547789413,-0.18960919861112147,2.825865299277276,0.40925133484088033,45,1.0,2.0694034288253706,0.3333333333333333
0.3,ASX,90,75,0.6465297672661967,-0.2290400818943995,2.8227800213775844,0.45563708212165344,53,1.0,2.1291145919543895,0.32075471698113206
0.3,ASX,105,60,0.4704718035793458,-0.28383476626826765,1.6575552380876322,0.3487003415455406,67,1.0,1.8270119432971872,0.31343283582089554
0.3,ASX,120,45,0.3316227352673258,-0.22801428225322817,1.4543945755951906,0.3040084049707447,90,1.0,1.4508463119981982,0.4222222222222222
0.3,ASX,135,30,0.30601376777916656,-0.3286472965307169,0.9311312492435644,0.26042863767362884,134,1.0,1.3499664846469672,0.34328358208955223
0.4,NBIS,0,165,0.34443764836346236,-0.3090617442800432,1.1144622546728553,0.7265083629967329,3,0.9419889502762431,12.120733537338072,0.6666666666666666
0.4,NBIS,15,150,0.40144937409797343,-0.23742480431147095,1.6908484994319433,0.8178059119038174,3,0.8591160220994475,14.339364104097635,0.6666666666666666
0.4,NBIS,30,135,0.8440863756726431,-0.19314158329145226,4.3702985203290465,1.4955593941466483,3,0.7790055248618785,29.849592196153655,0.6666666666666666
0.4,NBIS,45,120,0.778658155724701,-0.1342318962776481,5.800842998702097,1.6165693737997826,3,0.6906077348066298,30.218839994248317,0.6666666666666666
0.4,NBIS,60,105,0.43870665603267067,-0.10183378411049071,4.308065931799897,1.250304237164335,3,0.6022099447513812,22.119773949289414,0.6666666666666666
0.4,NBIS,75,90,0.3192099256670582,-0.16367590559152667,1.9502560533478017,1.0061515570326294,4,0.6878453038674033,13.55086844244468,0.75
0.4,NBIS,90,75,0.5016409661739085,-0.08712486912999129,5.7577241857942365,1.6598130195970529,4,0.5718232044198895,18.354626785616095,0.75
0.4,NBIS,105,60,0.2528357841585007,-0.10915167818408733,2.316371020261238,1.033663016211182,5,0.574585635359116,9.523886004608235,0.8
0.4,NBIS,120,45,0.34626512761998907,-0.04431083809069558,7.81445674557661,1.4768493519116026,6,0.5193370165745856,12.868372658972936,0.8333333333333334
0.4,NBIS,135,30,0.16431122230313422,-0.059142065137178346,2.778246277366524,0.8907255746053828,8,0.4613259668508287,3.892967275700283,0.625
0.4,BE,0,165,0.8721560844465626,-0.6179728980974366,1.4113176922995878,0.40733211827431515,16,0.9425465838509317,2.9815988253803973,0.375
0.4,BE,15,150,1.4780569050974255,-0.3714587968267462,3.9790601749749723,0.6070112911470302,17,0.9114906832298136,3.9483795240578443,0.23529411764705882
0.4,BE,30,135,0.8128822105363789,-0.3420923942410089,2.3762066161684143,0.40018504402500976,19,0.9161490683229814,2.675091113783326,0.2631578947368421
0.4,BE,45,120,1.5428657041652412,-0.32045337129491247,4.814634022824324,0.5615681381381664,21,0.8995859213250518,3.59800298227977,0.3333333333333333
0.4,BE,60,105,1.8951641384943891,-0.40903327775061327,4.633276169891162,0.7750905857208146,24,0.8964803312629399,4.119759126938641,0.20833333333333334
0.4,BE,75,90,1.2373385066176992,-0.21153476852293718,5.849338693858886,0.6085685921840961,28,0.9063146997929606,3.222046325655856,0.35714285714285715
0.4,BE,90,75,1.1750891606546277,-0.2526598555421542,4.6508740303564915,0.6471784729839387,33,0.9037267080745341,2.871623942101108,0.3939393939393939
0.4,BE,105,60,1.1670902686671427,-0.2307592930827167,5.057608961597893,0.6474639238637513,42,0.9083850931677019,2.4103119290987687,0.35714285714285715
0.4,BE,120,45,0.7591038586325489,-0.3027299791999162,2.507527865719746,0.48515516643405726,56,0.9078674948240165,1.865641929797208,0.4107142857142857
0.4,BE,135,30,1.1532252861679426,-0.25568796728262033,4.5102837588491,0.6478283101973935,83,0.8995859213250518,1.9102119500053516,0.3493975903614458
0.4,CRDO,0,165,0.4958447883847368,-0.25076261866472505,1.977347305691092,0.48773350519812314,7,0.7557251908396947,4.824973880347726,0.5714285714285714
0.4,CRDO,15,150,0.44003205889181474,-0.2648224458851036,1.6616116410416657,0.48952213950661033,8,0.7872137404580153,3.791857751499521,0.375
0.4,CRDO,30,135,0.48964333973888285,-0.3024394711906766,1.618979618669487,0.4916258438746647,9,0.7977099236641222,3.6433848879505475,0.4444444444444444
0.4,CRDO,45,120,0.662813252740261,-0.25252894702448136,2.624702080890571,0.5906185904511408,10,0.7872137404580153,4.722175553053456,0.5
0.4,CRDO,60,105,0.6774447038538389,-0.20897291054690037,3.2417824017520114,0.6803070057231101,11,0.7547709923664122,4.827763505865669,0.5454545454545454
0.4,CRDO,75,90,0.46236425234957235,-0.19199840818748193,2.4081671130215025,0.5568732119684566,13,0.7700381679389313,3.444201148272532,0.5384615384615384
0.4,CRDO,90,75,0.5239099377881888,-0.16454174722057768,3.1840547863263993,0.7790450000333579,15,0.7490458015267175,3.2411266866316786,0.4666666666666667
0.4,CRDO,105,60,0.5023266167769382,-0.19636150463894542,2.5581725791955923,0.6399590728248,19,0.7528625954198473,3.5410606955461383,0.5263157894736842
0.4,CRDO,120,45,0.576334364708464,-0.1727833531527404,3.335589651388376,0.7786855255671236,25,0.7414122137404581,3.0572568740328534,0.52
0.4,CRDO,135,30,0.47393368661414237,-0.1346568501086911,3.519566113655539,0.7987925239987285,37,0.7385496183206107,2.1210286823234386,0.43243243243243246
0.4,ASX,0,165,0.683757621126885,-0.2943264650646449,2.323126535619917,0.3879891065858355,24,1.0,1.7905059136716062,0.2916666666666667
0.4,ASX,15,150,1.2820070227652316,-0.17087297183497263,7.502690501593083,0.684685369138616,27,1.0,3.2313971042507856,0.37037037037037035
0.4,ASX,30,135,0.8534585955695286,-0.2728409447415484,3.128044423017142,0.46654356546201853,30,1.0,2.497470998434702,0.26666666666666666
0.4,ASX,45,120,0.4452760359538912,-0.2655762365214519,1.67664110986046,0.3012368173813565,34,1.0,1.785581601420619,0.3235294117647059
0.4,ASX,60,105,0.5497198000373045,-0.20534674368186556,2.677031981032826,0.37665007923739074,39,1.0,2.037496765907829,0.3333333333333333
0.4,ASX,75,90,0.44620810931086385,-0.23606999767719217,1.8901517079735801,0.3422260031530531,45,1.0,1.7028384918242754,0.37777777777777777
0.4,ASX,90,75,0.5194465037167959,-0.2356093279351279,2.2046941361329253,0.3694327695306221,53,1.0,1.754410664124459,0.32075471698113206
0.4,ASX,105,60,0.4296170987228696,-0.26606659723145787,1.6146976102721196,0.31870669428841175,67,1.0,1.6517488763133783,0.3880597014925373
0.4,ASX,120,45,0.31292222828796357,-0.29508521201053795,1.0604470015826772,0.27208376692796893,90,1.0,1.3422647962405656,0.4444444444444444
0.4,ASX,135,30,0.2135696728535661,-0.39186026301079857,0.5450148765088761,0.19669558588433586,134,1.0,1.2062116760654185,0.3880597014925373
