code,name,time_key,open,close,high,low,volume,turnover,pe_ratio,turnover_rate,last_close,change_rate
US.RBRK,Rubrik,2025-01-06 00:00:00,69.0,68.5,70.58,65.82,3333883.0,226379206.0,0.0,0.04896,66.9,2.391629297458886
US.RBRK,Rubrik,2025-01-07 00:00:00,68.95,64.34,69.59,63.6,3167230.0,207055671.0,0.0,0.04651,68.5,-6.072992700729918
US.RBRK,Rubrik,2025-01-08 00:00:00,62.6,63.19,65.0,62.06,2325253.0,147249785.0,0.0,0.03415,64.34,-1.7873795461610276
US.RBRK,Rubrik,2025-01-10 00:00:00,62.25,63.46,64.0,60.5301,1900873.0,118742865.0,0.0,0.02212,63.19,0.42728279791106605
US.RBRK,Rubrik,2025-01-13 00:00:00,64.24,65.05,66.2909,62.74,2613106.0,169225549.0,0.0,0.0304,63.46,2.5055152852190288
US.RBRK,Rubrik,2025-01-14 00:00:00,65.4,65.09,66.0,63.73,1743340.0,112991820.0,0.0,0.02028,65.05,0.06149116064566584
US.RBRK,Rubrik,2025-01-15 00:00:00,66.52,66.73,68.75,64.56,2527779.0,170839913.0,0.0,0.02941,65.09,2.519588262405903
US.RBRK,Rubrik,2025-01-16 00:00:00,65.02,68.24,68.585,62.53,2424374.0,160683311.0,0.0,0.02821,66.73,2.2628502922223737
US.RBRK,Rubrik,2025-01-17 00:00:00,69.6,67.9,70.1,67.33,4410983.0,300360000.0,0.0,0.05132,68.24,-0.4982415005861496
US.RBRK,Rubrik,2025-01-21 00:00:00,69.22,71.36,72.19,68.51,2446138.0,173232075.0,0.0,0.02846,67.9,5.095729013254768
US.RBRK,Rubrik,2025-01-22 00:00:00,72.56,71.35,73.1,70.92,1582813.0,113249574.0,0.0,0.01841,71.36,-0.014013452914807267
US.RBRK,Rubrik,2025-01-23 00:00:00,70.5,70.31,71.64,69.52,1735465.0,122004228.0,0.0,0.02019,71.35,-1.4576033637000552
US.RBRK,Rubrik,2025-01-24 00:00:00,71.01,70.99,71.9599,70.41,1190114.0,84641711.0,0.0,0.01385,70.31,0.9671454985066053
US.RBRK,Rubrik,2025-01-27 00:00:00,68.36,69.01,73.28,67.4,2071031.0,144711317.0,0.0,0.02409,70.99,-2.7891252289054647
US.RBRK,Rubrik,2025-01-28 00:00:00,70.46,73.19,74.5,69.02,2438899.0,177998689.0,0.0,0.02837,69.01,6.057093174902173
US.RBRK,Rubrik,2025-01-29 00:00:00,73.5,74.11,75.25,71.76,2297283.0,169220244.0,0.0,0.02673,73.19,1.2570023227216787
US.RBRK,Rubrik,2025-01-30 00:00:00,74.51,74.03,76.21,72.8,1335644.0,98971538.0,0.0,0.01554,74.11,-0.10794764539198143
US.RBRK,Rubrik,2025-01-31 00:00:00,75.26,73.27,77.2249,73.25,1465315.0,109581431.0,0.0,0.01705,74.03,-1.0266108334459068
US.RBRK,Rubrik,2025-02-03 00:00:00,70.19,70.87,71.81,68.74,2213862.0,156463597.0,0.0,0.02576,73.27,-3.275556162140014
US.RBRK,Rubrik,2025-02-04 00:00:00,70.61,74.08,74.19,70.1,2133567.0,156166833.0,0.0,0.02482,70.87,4.529420064907574
US.RBRK,Rubrik,2025-02-05 00:00:00,74.5,75.59,75.9804,73.88,1195747.0,89783894.0,0.0,0.01391,74.08,2.0383369330453593
US.RBRK,Rubrik,2025-02-06 00:00:00,76.06,75.34,76.55,74.1301,1441699.0,108738736.0,0.0,0.01677,75.59,-0.3307315782510867
US.RBRK,Rubrik,2025-02-07 00:00:00,75.55,74.49,79.05,74.1401,1792249.0,136336870.0,0.0,0.02085,75.34,-1.12821874170429
US.RBRK,Rubrik,2025-02-10 00:00:00,74.9,76.96,77.71,74.9,2257627.0,173373061.0,0.0,0.02627,74.49,3.315881326352521
US.RBRK,Rubrik,2025-02-11 00:00:00,76.1,72.9,76.7843,72.52,1969958.0,145456557.0,0.0,0.02292,76.96,-5.275467775467757
US.RBRK,Rubrik,2025-02-12 00:00:00,72.42,77.55,78.2792,71.2,2090554.0,159247977.0,0.0,0.02432,72.9,6.378600823045266
US.RBRK,Rubrik,2025-02-13 00:00:00,78.3,78.72,80.0,77.0648,2015127.0,158152048.0,0.0,0.02344,77.55,1.5087040618955605
US.RBRK,Rubrik,2025-02-14 00:00:00,79.8,77.54,79.8,76.56,1201697.0,93240084.0,0.0,0.01398,78.72,-1.4989837398373895
US.RBRK,Rubrik,2025-02-18 00:00:00,77.99,78.09,78.4,75.0,1954415.0,151064825.0,0.0,0.02274,77.54,0.7093113231880332
US.RBRK,Rubrik,2025-02-19 00:00:00,76.5,74.19,76.86,73.2,1977106.0,148196915.0,0.0,0.023,78.09,-4.994237418363435
US.RBRK,Rubrik,2025-02-20 00:00:00,73.5,72.22,73.55,68.58,2481254.0,175835555.0,0.0,0.02887,74.19,-2.6553443860358517
US.RBRK,Rubrik,2025-02-21 00:00:00,71.03,69.7,72.7,69.19,1934788.0,136088619.0,0.0,0.02251,72.22,-3.4893381334810236
US.RBRK,Rubrik,2025-02-24 00:00:00,69.26,67.72,69.26,65.19,2779474.0,187293015.0,0.0,0.03234,69.7,-2.840746054519372
US.RBRK,Rubrik,2025-02-25 00:00:00,67.54,63.86,67.585,62.5901,1863873.0,119136485.0,0.0,0.02168,67.72,-5.699940933254577
US.RBRK,Rubrik,2025-02-26 00:00:00,65.02,65.84,67.21,65.01,1109666.0,73326666.0,0.0,0.01291,63.86,3.1005324146570645
US.RBRK,Rubrik,2025-02-27 00:00:00,67.0,64.3,68.14,64.23,1414660.0,92963424.0,0.0,0.01646,65.84,-2.339003645200499
US.RBRK,Rubrik,2025-02-28 00:00:00,64.0,65.12,65.26,62.64,1686214.0,108712982.0,0.0,0.01962,64.3,1.275272161741836
US.RBRK,Rubrik,2025-03-03 00:00:00,66.41,61.37,68.32,60.98,1428880.0,90493080.0,0.0,0.01662,65.12,-5.758599508599516
US.RBRK,Rubrik,2025-03-04 00:00:00,59.48,61.56,63.06,58.18,1681242.0,101495709.0,0.0,0.01956,61.37,0.3095975232198178
US.RBRK,Rubrik,2025-03-05 00:00:00,61.16,62.85,63.23,59.563,1135052.0,70562337.0,0.0,0.01321,61.56,2.0955165692007727
US.RBRK,Rubrik,2025-03-06 00:00:00,60.71,58.59,62.23,58.21,1288632.0,76535122.0,0.0,0.01499,62.85,-6.7780429594272
US.RBRK,Rubrik,2025-03-07 00:00:00,58.25,57.35,59.15,54.51,2307106.0,130883631.0,0.0,0.02684,58.59,-2.1164021164021163
US.RBRK,Rubrik,2025-03-10 00:00:00,55.01,51.84,55.9,51.4544,2486921.0,130476919.0,0.0,0.02893,57.35,-9.607672188317352
US.RBRK,Rubrik,2025-03-11 00:00:00,51.57,53.82,55.08,51.0855,2296342.0,122592360.0,0.0,0.02672,51.84,3.819444444444442
US.RBRK,Rubrik,2025-03-12 00:00:00,59.39,57.11,59.92,56.5529,2136217.0,123084844.0,0.0,0.02485,53.82,6.112969156447412
US.RBRK,Rubrik,2025-03-13 00:00:00,56.48,55.28,57.11,55.0,2710814.0,154868944.0,0.0,0.03154,57.11,-3.2043424969357304
US.RBRK,Rubrik,2025-03-14 00:00:00,67.8,70.64,71.2,64.8001,7273318.0,502766715.0,0.0,0.08462,55.28,27.78581765557164
US.RBRK,Rubrik,2025-03-17 00:00:00,70.0,70.84,72.41,68.1101,3314069.0,233230210.0,0.0,0.03856,70.64,0.28312570781428015
US.RBRK,Rubrik,2025-03-18 00:00:00,70.55,70.01,71.4399,68.75,2174896.0,152186703.0,0.0,0.0253,70.84,-1.1716544325239941
US.RBRK,Rubrik,2025-03-19 00:00:00,70.13,70.96,71.93,69.28,2390734.0,169246299.0,0.0,0.02781,70.01,1.3569490072846468
US.RBRK,Rubrik,2025-03-20 00:00:00,69.58,70.19,71.743,69.0,2635844.0,185057110.0,0.0,0.03067,70.96,-1.0851183765501649
US.RBRK,Rubrik,2025-03-21 00:00:00,68.24,68.19,69.42,67.4,3935832.0,269091328.0,0.0,0.04758,70.19,-2.849408747684856
US.RBRK,Rubrik,2025-03-24 00:00:00,70.0,73.46,73.82,69.28,2946905.0,211519175.0,0.0,0.03563,68.19,7.7284059246223835
US.RBRK,Rubrik,2025-03-25 00:00:00,73.79,74.28,76.11,73.402,2536366.0,189059061.0,0.0,0.03066,73.46,1.1162537435339015
US.RBRK,Rubrik,2025-03-26 00:00:00,70.06,68.61,71.42,67.01,4745192.0,325326462.0,0.0,0.05737,74.28,-7.633279483037159
US.RBRK,Rubrik,2025-03-27 00:00:00,67.72,66.0,68.73,65.18,2532042.0,168080758.0,0.0,0.03061,68.61,-3.8041101880192385
US.RBRK,Rubrik,2025-03-28 00:00:00,65.2,63.66,65.32,61.42,3232812.0,203268145.0,0.0,0.03908,66.0,-3.5454545454545516
US.RBRK,Rubrik,2025-03-31 00:00:00,61.75,60.98,61.8,58.66,5121284.0,308179043.0,0.0,0.05437,63.66,-4.209864907320138
US.RBRK,Rubrik,2025-04-01 00:00:00,61.0,60.47,61.29,58.75,2062434.0,124299433.0,0.0,0.02189,60.98,-0.8363397835355779
US.RBRK,Rubrik,2025-04-02 00:00:00,59.76,62.43,63.85,59.76,1782373.0,111372814.0,0.0,0.01892,60.47,3.2412766661154224
US.RBRK,Rubrik,2025-04-03 00:00:00,59.26,57.45,60.78,56.69,2846680.0,164607340.0,0.0,0.03022,62.43,-7.976934166266214
US.RBRK,Rubrik,2025-04-04 00:00:00,54.58,51.77,55.2,49.12,2631818.0,136205580.0,0.0,0.02794,57.45,-9.88685813751088
US.RBRK,Rubrik,2025-04-07 00:00:00,48.54,53.02,56.9099,47.3503,3460033.0,180976481.0,0.0,0.03673,51.77,2.414525787135413
US.RBRK,Rubrik,2025-04-08 00:00:00,57.17,52.81,57.64,51.71,3817844.0,209497920.0,0.0,0.04053,53.02,-0.3960769520935492
US.RBRK,Rubrik,2025-04-09 00:00:00,53.31,61.69,62.63,52.3761,4530113.0,266665701.0,0.0,0.04809,52.81,16.81499715962884
US.RBRK,Rubrik,2025-04-10 00:00:00,59.97,58.35,61.34,57.75,2585053.0,152855687.0,0.0,0.02744,61.69,-5.414167612254817
US.RBRK,Rubrik,2025-04-11 00:00:00,58.87,59.01,59.36,56.005,2990496.0,174362608.0,0.0,0.03175,58.35,1.131105398457577
US.RBRK,Rubrik,2025-04-14 00:00:00,61.3,60.05,62.71,59.07,2491028.0,150809582.0,0.0,0.02644,59.01,1.7624131503135132
US.RBRK,Rubrik,2025-04-15 00:00:00,60.86,63.31,63.38,60.45,2755723.0,172878703.0,0.0,0.02925,60.05,5.428809325562045
US.RBRK,Rubrik,2025-04-16 00:00:00,61.62,62.32,63.58,60.31,2345853.0,145811414.0,0.0,0.0249,63.31,-1.5637340072658379
US.RBRK,Rubrik,2025-04-17 00:00:00,62.34,61.61,62.91,60.73,2247505.0,138523871.0,0.0,0.02386,62.32,-1.1392811296534022
US.RBRK,Rubrik,2025-04-21 00:00:00,61.3,59.28,61.61,57.9,2531909.0,150001425.0,0.0,0.02688,61.61,-3.7818535951955834
US.RBRK,Rubrik,2025-04-22 00:00:00,61.5,61.89,62.88,60.08,2424231.0,149771153.0,0.0,0.02574,59.28,4.402834008097156
US.RBRK,Rubrik,2025-04-23 00:00:00,64.58,65.55,68.18,64.52,3189464.0,211146686.0,0.0,0.03386,61.89,5.913717886572956
US.RBRK,Rubrik,2025-04-24 00:00:00,65.81,68.21,68.59,65.81,2254375.0,153140677.0,0.0,0.02393,65.55,4.057971014492745
US.RBRK,Rubrik,2025-04-25 00:00:00,68.12,69.84,69.85,67.5276,1545230.0,106862514.0,0.0,0.0164,68.21,2.3896789327078283
US.RBRK,Rubrik,2025-04-28 00:00:00,69.31,69.76,70.19,68.29,3092891.0,215091746.0,0.0,0.03283,69.84,-0.11454753722794919
US.RBRK,Rubrik,2025-04-29 00:00:00,70.0,70.74,71.5492,69.51,2591001.0,183288933.0,0.0,0.02751,69.76,1.4048165137614532
US.RBRK,Rubrik,2025-04-30 00:00:00,69.15,70.53,70.66,67.7,1299116.0,90620549.0,0.0,0.01379,70.74,-0.2968617472434154
US.RBRK,Rubrik,2025-05-01 00:00:00,71.58,71.11,72.33,70.01,2049295.0,146307065.0,0.0,0.02175,70.53,0.822345101375288
US.RBRK,Rubrik,2025-05-02 00:00:00,72.92,73.33,73.6851,71.73,2333634.0,170484116.0,0.0,0.02477,71.11,3.121923780059066
US.RBRK,Rubrik,2025-05-05 00:00:00,72.24,74.67,77.34,72.24,4007302.0,301603157.0,0.0,0.04254,73.33,1.8273557888994985
US.RBRK,Rubrik,2025-05-06 00:00:00,72.15,74.24,74.59,71.31,2274942.0,167169444.0,0.0,0.02415,74.67,-0.5758671487880118
US.RBRK,Rubrik,2025-05-07 00:00:00,74.18,75.81,76.3295,74.0,1791538.0,135133987.0,0.0,0.01902,74.24,2.1147629310344973
US.RBRK,Rubrik,2025-05-08 00:00:00,77.0,76.57,77.97,75.27,2117952.0,162394813.0,0.0,0.02248,75.81,1.0025062656641381
US.RBRK,Rubrik,2025-05-09 00:00:00,77.13,76.88,79.79,76.0,3233474.0,250438367.0,0.0,0.03433,76.57,0.4048582995951344
US.RBRK,Rubrik,2025-05-12 00:00:00,78.83,78.61,79.38,76.31,1914501.0,149202095.0,0.0,0.02032,76.88,2.250260145681593
US.RBRK,Rubrik,2025-05-13 00:00:00,78.88,83.1,84.4699,78.88,3440684.0,283715652.0,0.0,0.03653,78.61,5.711741508713897
US.RBRK,Rubrik,2025-05-14 00:00:00,83.5,84.61,84.65,82.125,2060994.0,172805559.0,0.0,0.02188,83.1,1.8170878459687234
US.RBRK,Rubrik,2025-05-15 00:00:00,83.2,85.52,86.0,82.06,2262075.0,191529194.0,0.0,0.02401,84.61,1.0755229878264938
US.RBRK,Rubrik,2025-05-16 00:00:00,87.5,85.31,87.5,85.065,1718616.0,147422253.0,0.0,0.01749,85.52,-0.2455565949485372
US.RBRK,Rubrik,2025-05-19 00:00:00,83.4,86.72,86.75,82.0168,2281468.0,194738663.0,0.0,0.02321,85.31,1.6527956863204851
US.RBRK,Rubrik,2025-05-20 00:00:00,87.01,89.01,89.09,86.69,2156388.0,190856351.0,0.0,0.02194,86.72,2.640682656826576
US.RBRK,Rubrik,2025-05-21 00:00:00,87.47,87.75,89.84,86.41,1807980.0,159302938.0,0.0,0.0184,89.01,-1.4155712841253831
US.RBRK,Rubrik,2025-05-22 00:00:00,87.415,91.11,92.31,87.415,2419071.0,219770367.0,0.0,0.02462,87.75,3.829059829059833
US.RBRK,Rubrik,2025-05-23 00:00:00,88.95,92.35,93.11,88.3142,1819523.0,167607677.0,0.0,0.01851,91.11,1.3609922072220337
US.RBRK,Rubrik,2025-05-27 00:00:00,93.05,94.85,95.3904,92.31,2632166.0,248188561.0,0.0,0.02678,92.35,2.7070925825663172
US.RBRK,Rubrik,2025-05-28 00:00:00,94.86,94.09,95.9,93.51,1863019.0,176411683.0,0.0,0.01896,94.85,-0.8012651555086903
US.RBRK,Rubrik,2025-05-29 00:00:00,97.0,95.38,97.76,93.945,3029709.0,290299636.0,0.0,0.03083,94.09,1.3710277393984338
US.RBRK,Rubrik,2025-05-30 00:00:00,95.18,95.35,95.59,93.0,4593794.0,436522827.0,0.0,0.04674,95.38,-0.031453134829106943
US.RBRK,Rubrik,2025-06-02 00:00:00,95.15,99.74,99.79,94.53,2468024.0,242337266.0,0.0,0.02511,95.35,4.604090194022015
US.RBRK,Rubrik,2025-06-03 00:00:00,99.8,98.07,99.98,97.9365,2854958.0,281956040.0,0.0,0.02905,99.74,-1.674353318628441
US.RBRK,Rubrik,2025-06-04 00:00:00,98.0,98.54,99.4,97.54,2418668.0,237965467.0,0.0,0.02461,98.07,0.4792495156521026
US.RBRK,Rubrik,2025-06-05 00:00:00,98.58,98.57,101.8,97.8123,5160759.0,515513605.0,0.0,0.05251,98.54,0.030444489547387654
US.RBRK,Rubrik,2025-06-06 00:00:00,102.8,97.91,103.0,95.0,6569713.0,646922766.0,0.0,0.06685,98.57,-0.6695749213756708
US.RBRK,Rubrik,2025-06-09 00:00:00,96.29,93.15,97.0,92.365,5992666.0,562637570.0,0.0,0.0521,97.91,-4.861607598815231
US.RBRK,Rubrik,2025-06-10 00:00:00,90.19,87.55,90.77,86.54,10126451.0,890178816.0,0.0,0.08804,93.15,-6.0118089103596395
US.RBRK,Rubrik,2025-06-11 00:00:00,87.55,88.86,89.74,86.65,6543393.0,578009292.0,0.0,0.05689,87.55,1.4962878355225584
US.RBRK,Rubrik,2025-06-12 00:00:00,88.8,88.74,90.2,88.3783,2148152.0,191482588.0,0.0,0.01868,88.86,-0.13504388926401933
US.RBRK,Rubrik,2025-06-13 00:00:00,87.38,90.3,92.33,87.38,6790980.0,614769538.0,0.0,0.05904,88.74,1.7579445571332064
US.RBRK,Rubrik,2025-06-16 00:00:00,92.51,92.0,94.23,91.1844,3655507.0,338694151.0,0.0,0.03178,90.3,1.882613510520481
US.RBRK,Rubrik,2025-06-17 00:00:00,90.27,89.13,91.1924,88.79,6825925.0,613226566.0,0.0,0.05934,92.0,-3.119565217391307
US.RBRK,Rubrik,2025-06-18 00:00:00,88.5,87.17,89.21,85.49,5714346.0,499556140.0,0.0,0.04968,89.13,-2.1990351172444633
US.RBRK,Rubrik,2025-06-20 00:00:00,87.56,85.51,87.98,84.81,10139257.0,868448455.0,0.0,0.08815,87.17,-1.904324882413666
US.RBRK,Rubrik,2025-06-23 00:00:00,86.0,89.71,89.95,84.561,4153057.0,368744270.0,0.0,0.03611,85.51,4.911706233189084
US.RBRK,Rubrik,2025-06-24 00:00:00,90.0,90.1,90.63,88.7,4394285.0,394927532.0,0.0,0.0382,89.71,0.4347341433508012
US.RBRK,Rubrik,2025-06-25 00:00:00,90.875,90.56,93.64,90.4,3845536.0,352754384.0,0.0,0.03343,90.1,0.5105438401775908
US.RBRK,Rubrik,2025-06-26 00:00:00,90.92,92.1,92.8598,89.01,3193592.0,292552275.0,0.0,0.02776,90.56,1.700530035335679
US.RBRK,Rubrik,2025-06-27 00:00:00,89.995,87.38,89.995,86.68,16424712.0,1443835206.0,0.0,0.1428,92.1,-5.124864277958741
US.RBRK,Rubrik,2025-06-30 00:00:00,88.8,89.59,90.17,88.16,4715687.0,421493976.0,0.0,0.041,87.38,2.529182879377445
US.RBRK,Rubrik,2025-07-01 00:00:00,89.5,85.18,89.63,83.51,4465848.0,382912495.0,0.0,0.03883,89.59,-4.922424377720724
US.RBRK,Rubrik,2025-07-02 00:00:00,84.22,85.58,85.84,83.515,3550114.0,302096278.0,0.0,0.03086,85.18,0.4695938013618228
US.RBRK,Rubrik,2025-07-03 00:00:00,86.01,89.08,89.29,85.99,2392094.0,211132303.0,0.0,0.0208,85.58,4.089740593596636
US.RBRK,Rubrik,2025-07-07 00:00:00,88.32,89.85,91.16,87.1,3664327.0,329015542.0,0.0,0.03186,89.08,0.8643915581499684
US.RBRK,Rubrik,2025-07-08 00:00:00,89.5,86.87,90.9,85.0,3969974.0,345887579.0,0.0,0.03451,89.85,-3.316638842515296
US.RBRK,Rubrik,2025-07-09 00:00:00,87.54,91.59,92.03,87.04,4663171.0,421962701.0,0.0,0.04054,86.87,5.433406239208005
US.RBRK,Rubrik,2025-07-10 00:00:00,92.99,86.14,92.99,85.85,5225522.0,459312830.0,0.0,0.04543,91.59,-5.950431269789281
US.RBRK,Rubrik,2025-07-11 00:00:00,86.02,84.54,87.12,83.7708,3304217.0,280743723.0,0.0,0.02873,86.14,-1.8574413745066076
US.RBRK,Rubrik,2025-07-14 00:00:00,84.55,85.84,86.96,83.08,2622111.0,224704764.0,0.0,0.0228,84.54,1.537733617222603
US.RBRK,Rubrik,2025-07-15 00:00:00,86.2,87.34,87.6,85.0,2645569.0,229231967.0,0.0,0.023,85.84,1.747437092264681
US.RBRK,Rubrik,2025-07-16 00:00:00,88.45,87.49,89.19,86.72,3052693.0,268059843.0,0.0,0.02654,87.34,0.1717426150675383
US.RBRK,Rubrik,2025-07-17 00:00:00,87.86,86.93,87.9,83.27,3611728.0,311450192.0,0.0,0.0314,87.49,-0.6400731512172686
US.RBRK,Rubrik,2025-07-18 00:00:00,87.0,88.11,89.61,86.8,3462863.0,305144888.0,0.0,0.03011,86.93,1.3574140112734279
US.RBRK,Rubrik,2025-07-21 00:00:00,87.59,86.53,88.12,85.41,2773059.0,240583635.0,0.0,0.02411,88.11,-1.7932130291680837
US.RBRK,Rubrik,2025-07-22 00:00:00,86.11,83.77,86.355,83.02,2934946.0,247194613.0,0.0,0.02552,86.53,-3.189645209753844
US.RBRK,Rubrik,2025-07-23 00:00:00,84.0,84.84,85.355,83.12,2158657.0,182267831.0,0.0,0.01877,83.77,1.2773069117822722
US.RBRK,Rubrik,2025-07-24 00:00:00,85.0,85.71,86.0,83.62,1712297.0,145958887.0,0.0,0.01489,84.84,1.0254596888260137
US.RBRK,Rubrik,2025-07-25 00:00:00,85.6,85.0,86.78,84.2,2054296.0,175507923.0,0.0,0.01786,85.71,-0.8283747520709261
US.RBRK,Rubrik,2025-07-28 00:00:00,85.98,87.11,87.3,84.9,2201877.0,190639360.0,0.0,0.01914,85.0,2.482352941176469
US.RBRK,Rubrik,2025-07-29 00:00:00,89.88,89.22,93.14,86.31,4825682.0,431345718.0,0.0,0.04195,87.11,2.422224773275161
US.RBRK,Rubrik,2025-07-30 00:00:00,90.58,95.42,95.63,88.08,5983156.0,559850504.0,0.0,0.05202,89.22,6.949114548307556
US.RBRK,Rubrik,2025-07-31 00:00:00,96.53,94.95,97.86,94.58,4639939.0,446691948.0,0.0,0.04034,95.42,-0.4925592119052635
US.RBRK,Rubrik,2025-08-01 00:00:00,91.32,87.65,91.32,83.56,5997550.0,523279991.0,0.0,0.05214,94.95,-7.688256977356501
US.RBRK,Rubrik,2025-08-04 00:00:00,88.73,92.52,92.83,88.62,2419649.0,221607197.0,0.0,0.02104,87.65,5.556189389617794
US.RBRK,Rubrik,2025-08-05 00:00:00,93.25,87.54,93.9799,87.45,3128051.0,279152018.0,0.0,0.0272,92.52,-5.382619974059654
US.RBRK,Rubrik,2025-08-06 00:00:00,88.37,91.77,92.24,88.0,2072315.0,188113754.0,0.0,0.01802,87.54,4.832076764907467
US.RBRK,Rubrik,2025-08-07 00:00:00,92.59,89.74,93.9187,86.71,3990162.0,356690340.0,0.0,0.03469,91.77,-2.212051868802445
US.RBRK,Rubrik,2025-08-08 00:00:00,89.95,87.41,91.1599,86.9,1899550.0,167570825.0,0.0,0.01651,89.74,-2.596389569868507
US.RBRK,Rubrik,2025-08-11 00:00:00,86.88,85.7,89.02,85.02,2000964.0,173535859.0,0.0,0.0174,87.41,-1.9562979064180253
US.RBRK,Rubrik,2025-08-12 00:00:00,86.5,88.35,88.8,85.75,1861399.0,163197080.0,0.0,0.01618,85.7,3.0921820303383862
US.RBRK,Rubrik,2025-08-13 00:00:00,89.27,88.08,91.66,87.47,2079350.0,183993568.0,0.0,0.01808,88.35,-0.3056027164685893
US.RBRK,Rubrik,2025-08-14 00:00:00,87.05,84.45,88.11,83.77,2237981.0,190817694.0,0.0,0.01946,88.08,-4.1212534059945405
US.RBRK,Rubrik,2025-08-15 00:00:00,84.58,85.83,85.93,83.88,2338314.0,199507708.0,0.0,0.02033,84.45,1.6341030195381911
US.RBRK,Rubrik,2025-08-18 00:00:00,85.54,85.72,86.15,84.61,1495449.0,127910439.0,0.0,0.01243,85.83,-0.12816031690551233
US.RBRK,Rubrik,2025-08-19 00:00:00,86.59,83.97,87.22,82.75,2493276.0,210756989.0,0.0,0.02072,85.72,-2.041530564629024
US.RBRK,Rubrik,2025-08-20 00:00:00,82.93,85.1,85.24,79.83,3178895.0,263367107.0,0.0,0.02642,83.97,1.3457187090627487
US.RBRK,Rubrik,2025-08-21 00:00:00,84.55,85.24,86.37,83.85,1617493.0,138348367.0,0.0,0.01344,85.1,0.16451233842538215
US.RBRK,Rubrik,2025-08-22 00:00:00,85.24,88.77,88.8,84.91,2208049.0,193438120.0,0.0,0.01835,85.24,4.141248240262785
US.RBRK,Rubrik,2025-08-25 00:00:00,89.99,87.83,90.44,87.74,1265330.0,112440685.0,0.0,0.01052,88.77,-1.058916300551982
US.RBRK,Rubrik,2025-08-26 00:00:00,87.8,85.17,89.6,85.12,4111575.0,353047365.0,0.0,0.03417,87.83,-3.0285779346464703
US.RBRK,Rubrik,2025-08-27 00:00:00,86.62,87.53,88.71,86.3935,1955648.0,171201849.0,0.0,0.01625,85.17,2.7709287307737362
US.RBRK,Rubrik,2025-08-28 00:00:00,87.22,93.03,94.94,87.22,3139604.0,291706349.0,0.0,0.02609,87.53,6.283559922312354
US.RBRK,Rubrik,2025-08-29 00:00:00,92.7,89.4,93.4548,88.539,2120006.0,190853197.0,0.0,0.01762,93.03,-3.9019671073847073
US.RBRK,Rubrik,2025-09-02 00:00:00,87.0,87.9,88.76,85.78,1734522.0,152244127.0,0.0,0.01442,89.4,-1.6778523489932917
US.RBRK,Rubrik,2025-09-03 00:00:00,88.82,87.72,89.22,86.5,1756458.0,154181175.0,0.0,0.0146,87.9,-0.20477815699659896
US.RBRK,Rubrik,2025-09-04 00:00:00,88.0,86.55,88.1,85.17,1655338.0,143232182.0,0.0,0.01376,87.72,-1.3337893296853642
US.RBRK,Rubrik,2025-09-05 00:00:00,88.7,90.93,91.74,85.82,2920172.0,261975649.0,0.0,0.02427,86.55,5.060658578856159
US.RBRK,Rubrik,2025-09-08 00:00:00,94.0,95.61,97.02,92.36,4958933.0,474218135.0,0.0,0.04121,90.93,5.14681623226656
US.RBRK,Rubrik,2025-09-09 00:00:00,95.61,98.5,99.75,95.09,8770902.0,862439651.0,0.0,0.0729,95.61,3.0226963706725174
US.RBRK,Rubrik,2025-09-10 00:00:00,94.56,80.72,95.05,80.6,18684044.0,1580800420.0,0.0,0.15528,98.5,-18.050761421319795
US.RBRK,Rubrik,2025-09-11 00:00:00,82.06,77.89,82.216,77.49,9215539.0,727890349.0,0.0,0.07659,80.72,-3.505946481665012
US.RBRK,Rubrik,2025-09-12 00:00:00,77.72,74.5,78.18,73.85,9645627.0,727554510.0,0.0,0.08017,77.89,-4.35229169341379
US.RBRK,Rubrik,2025-09-15 00:00:00,75.48,75.6,78.12,74.3,5847144.0,446286975.0,0.0,0.0486,74.5,1.4765100671140896
US.RBRK,Rubrik,2025-09-16 00:00:00,75.57,75.0,75.57,73.92,4913963.0,366674905.0,0.0,0.03539,75.6,-0.7936507936507908
US.RBRK,Rubrik,2025-09-17 00:00:00,74.82,73.89,75.17,72.68,4824122.0,356947125.0,0.0,0.03474,75.0,-1.4800000000000035
US.RBRK,Rubrik,2025-09-18 00:00:00,75.74,78.02,78.53,75.4,5341804.0,414272098.0,0.0,0.03847,73.89,5.589389633238584
US.RBRK,Rubrik,2025-09-19 00:00:00,78.49,80.23,80.93,77.58,10103299.0,807648618.0,0.0,0.07276,78.02,2.8326070238400503
US.RBRK,Rubrik,2025-09-22 00:00:00,80.0,80.49,80.77,77.8655,4084048.0,325538703.0,0.0,0.02941,80.23,0.3240683036270564
US.RBRK,Rubrik,2025-09-23 00:00:00,80.225,81.46,83.37,79.3219,5091627.0,415248731.0,0.0,0.03667,80.49,1.2051186482792797
US.RBRK,Rubrik,2025-09-24 00:00:00,82.0,79.12,82.265,77.98,4425569.0,351219744.0,0.0,0.03187,81.46,-2.8725754971765105
US.RBRK,Rubrik,2025-09-25 00:00:00,77.2,81.99,83.97,76.56,5771054.0,468337667.0,0.0,0.04156,79.12,3.627401415571274
US.RBRK,Rubrik,2025-09-26 00:00:00,82.0,82.15,82.494,79.8,2417211.0,197173293.0,0.0,0.01741,81.99,0.1951457494816511
US.RBRK,Rubrik,2025-09-29 00:00:00,83.0,83.34,83.86,81.2,2833410.0,234688937.0,0.0,0.0204,82.15,1.4485696895922162
US.RBRK,Rubrik,2025-09-30 00:00:00,84.0,82.25,84.0,80.09,2848904.0,233112920.0,0.0,0.02052,83.34,-1.3078953683705374
US.RBRK,Rubrik,2025-10-01 00:00:00,81.49,82.43,83.97,81.0275,2671156.0,220988925.0,0.0,0.01924,82.25,0.21884498480244652
US.RBRK,Rubrik,2025-10-02 00:00:00,83.96,83.94,84.73,82.72,2787913.0,233844608.0,0.0,0.02008,82.43,1.8318573334950683
US.RBRK,Rubrik,2025-10-03 00:00:00,84.74,82.82,84.915,82.39,2374772.0,198169605.0,0.0,0.0171,83.94,-1.334286395044082
US.RBRK,Rubrik,2025-10-06 00:00:00,84.2,82.21,85.3414,82.19,2418402.0,201574442.0,0.0,0.01742,82.82,-0.7365370683409811
US.RBRK,Rubrik,2025-10-07 00:00:00,82.66,79.5,82.8999,76.84,4645046.0,367788332.0,0.0,0.03345,82.21,-3.296435956696253
US.RBRK,Rubrik,2025-10-08 00:00:00,80.24,84.25,84.35,80.17,3394081.0,282303357.0,0.0,0.02444,79.5,5.974842767295607
US.RBRK,Rubrik,2025-10-09 00:00:00,83.69,86.1,86.95,82.39,2415117.0,206140789.0,0.0,0.01739,84.25,2.1958456973293794
US.RBRK,Rubrik,2025-10-10 00:00:00,86.0,82.34,88.05,82.32,2490954.0,209455008.0,0.0,0.01794,86.1,-4.367015098722405
US.RBRK,Rubrik,2025-10-13 00:00:00,85.0,83.19,85.41,81.54,2300371.0,190944882.0,0.0,0.01657,82.34,1.032305076512019
US.RBRK,Rubrik,2025-10-14 00:00:00,81.75,78.17,81.99,78.16,2898232.0,230539172.0,0.0,0.02087,83.19,-6.034379132107215
US.RBRK,Rubrik,2025-10-15 00:00:00,80.25,79.06,81.46,78.2,2261796.0,179867627.0,0.0,0.01629,78.17,1.1385441985416467
US.RBRK,Rubrik,2025-10-16 00:00:00,79.88,78.64,81.46,77.9471,2086197.0,165310094.0,0.0,0.01502,79.06,-0.5312420946116947
US.RBRK,Rubrik,2025-10-17 00:00:00,77.0,77.22,77.94,75.74,2302956.0,177225605.0,0.0,0.01658,78.64,-1.8056968463886047
US.RBRK,Rubrik,2025-10-20 00:00:00,78.66,78.81,79.45,77.53,1665966.0,130932389.0,0.0,0.012,77.22,2.059052059052058
US.RBRK,Rubrik,2025-10-21 00:00:00,78.74,79.88,81.39,78.47,1962905.0,157332126.0,0.0,0.01414,78.81,1.3576957238929044
US.RBRK,Rubrik,2025-10-22 00:00:00,79.28,76.85,79.28,75.15,3836482.0,293334891.0,0.0,0.02763,79.88,-3.79318978467702
US.RBRK,Rubrik,2025-10-23 00:00:00,76.79,76.86,78.62,76.06,3063379.0,235851449.0,0.0,0.02206,76.85,0.013012361743669487
US.RBRK,Rubrik,2025-10-24 00:00:00,78.28,76.99,80.07,76.94,2378497.0,185635766.0,0.0,0.01713,76.86,0.16913869372885415
US.RBRK,Rubrik,2025-10-27 00:00:00,78.9,77.79,78.93,77.34,2616398.0,204226227.0,0.0,0.01884,76.99,1.039095986491767
US.RBRK,Rubrik,2025-10-28 00:00:00,78.07,76.12,78.82,75.99,2674578.0,205458534.0,0.0,0.01926,77.79,-2.1468055019925436
US.RBRK,Rubrik,2025-10-29 00:00:00,75.79,71.92,75.975,70.89,6499837.0,468463246.0,0.0,0.04681,76.12,-5.517603783499736
US.RBRK,Rubrik,2025-10-30 00:00:00,71.32,71.05,72.77,70.0,3596636.0,257085792.0,0.0,0.0259,71.92,-1.2096774193548487
US.RBRK,Rubrik,2025-10-31 00:00:00,72.45,75.27,75.78,72.0,2649366.0,197126464.0,0.0,0.01908,71.05,5.9394792399718455
US.RBRK,Rubrik,2025-11-03 00:00:00,75.19,75.8,76.612,73.81,2621937.0,197981577.0,0.0,0.01888,75.27,0.7041317922146906
US.RBRK,Rubrik,2025-11-04 00:00:00,73.05,72.6,74.1237,71.92,2186744.0,159186330.0,0.0,0.01575,75.8,-4.221635883905018
US.RBRK,Rubrik,2025-11-05 00:00:00,72.38,72.35,72.6,71.56,1428168.0,103118485.0,0.0,0.01029,72.6,-0.3443526170798905
US.RBRK,Rubrik,2025-11-06 00:00:00,72.0,71.53,73.29,70.22,2777934.0,198481695.0,0.0,0.02001,72.35,-1.13337940566689
US.RBRK,Rubrik,2025-11-07 00:00:00,70.25,73.03,73.215,69.95,1999303.0,143654145.0,0.0,0.0144,71.53,2.097022228435619
US.RBRK,Rubrik,2025-11-10 00:00:00,75.19,76.07,76.78,74.865,1896209.0,143923692.0,0.0,0.01366,73.03,4.1626728741612995
US.RBRK,Rubrik,2025-11-11 00:00:00,75.49,75.63,76.4,74.75,1363963.0,103329184.0,0.0,0.00982,76.07,-0.5784146181148864
US.RBRK,Rubrik,2025-11-12 00:00:00,76.06,73.95,76.4,73.805,1355180.0,100883883.0,0.0,0.00976,75.63,-2.2213407378024463
US.RBRK,Rubrik,2025-11-13 00:00:00,73.4,70.51,73.5,69.6,2290835.0,162393699.0,0.0,0.0165,73.95,-4.651791751183232
US.RBRK,Rubrik,2025-11-14 00:00:00,68.01,71.55,72.3278,67.58,2110909.0,150037324.0,0.0,0.0152,70.51,1.4749680896326556
US.RBRK,Rubrik,2025-11-17 00:00:00,72.5,69.69,72.7999,68.955,1933916.0,135584069.0,0.0,0.01393,71.55,-2.599580712788263
US.RBRK,Rubrik,2025-11-18 00:00:00,69.41,68.8,70.68,67.62,2733575.0,188715599.0,0.0,0.01969,69.69,-1.277084230162151
US.RBRK,Rubrik,2025-11-19 00:00:00,68.84,70.08,70.79,68.58,1708485.0,119628206.0,0.0,0.0123,68.8,1.8604651162790642
US.RBRK,Rubrik,2025-11-20 00:00:00,71.94,67.69,72.14,67.235,2603254.0,178846103.0,0.0,0.01875,70.08,-3.4103881278538806
US.RBRK,Rubrik,2025-11-21 00:00:00,67.01,66.59,68.0,64.75,2899980.0,193397312.0,0.0,0.02088,67.69,-1.6250553996158823
US.RBRK,Rubrik,2025-11-24 00:00:00,67.51,67.39,68.54,66.6426,2769264.0,186632268.0,0.0,0.01994,66.59,1.201381588827144
US.RBRK,Rubrik,2025-11-25 00:00:00,67.15,68.89,69.09,65.81,1490179.0,101661866.0,0.0,0.01073,67.39,2.225849532571589
US.RBRK,Rubrik,2025-11-26 00:00:00,68.88,68.17,69.5,68.12,1544218.0,105844989.0,0.0,0.01112,68.89,-1.0451444331542992
US.RBRK,Rubrik,2025-11-28 00:00:00,68.83,69.32,70.21,68.42,791246.0,54998150.0,0.0,0.0057,68.17,1.686959072905947
US.RBRK,Rubrik,2025-12-01 00:00:00,68.58,68.6,69.935,67.482,3201556.0,220036844.0,0.0,0.02306,69.32,-1.0386612810155738
US.RBRK,Rubrik,2025-12-02 00:00:00,69.78,69.4,70.82,69.22,2573546.0,179850519.0,0.0,0.01853,68.6,1.1661807580175099
US.RBRK,Rubrik,2025-12-03 00:00:00,69.11,71.41,71.66,68.42,2623142.0,185986563.0,0.0,0.01889,69.4,2.896253602305454
US.RBRK,Rubrik,2025-12-04 00:00:00,71.4,70.43,71.95,69.67,8937124.0,650829546.0,0.0,0.06436,71.41,-1.3723568127713026
US.RBRK,Rubrik,2025-12-05 00:00:00,87.04,86.27,90.26,84.33,17138715.0,1493789639.0,0.0,0.12343,70.43,22.49041601590229
US.RBRK,Rubrik,2025-12-08 00:00:00,85.53,89.1,89.72,84.8599,5945990.0,522835335.0,0.0,0.04282,86.27,3.2803987481163865
US.RBRK,Rubrik,2025-12-09 00:00:00,88.49,91.31,92.57,88.07,5035165.0,460431321.0,0.0,0.03626,89.1,2.4803591470258235
US.RBRK,Rubrik,2025-12-10 00:00:00,92.06,89.91,92.7658,89.532,2902682.0,263441578.0,0.0,0.0209,91.31,-1.53323841857409
US.RBRK,Rubrik,2025-12-11 00:00:00,88.78,87.08,89.599,85.5,2893919.0,251689687.0,0.0,0.02084,89.91,-3.1475920364809284
US.RBRK,Rubrik,2025-12-12 00:00:00,85.99,81.53,86.33,80.7777,4418944.0,363686636.0,0.0,0.02974,87.08,-6.373449701423972
US.RBRK,Rubrik,2025-12-15 00:00:00,82.11,79.89,83.2499,79.8,3852466.0,313022227.0,0.0,0.02593,81.53,-2.0115294983441667
US.RBRK,Rubrik,2025-12-16 00:00:00,78.18,77.91,79.5,76.71,4448668.0,347653579.0,0.0,0.02994,79.89,-2.478407810739769
US.RBRK,Rubrik,2025-12-17 00:00:00,77.49,73.19,77.84,73.01,5746066.0,428311601.0,0.0,0.03867,77.91,-6.058272365549988
US.RBRK,Rubrik,2025-12-18 00:00:00,75.51,75.91,76.82,74.42,5273196.0,400860099.0,0.0,0.03549,73.19,3.716354693264101
US.RBRK,Rubrik,2025-12-19 00:00:00,76.79,78.18,79.46,76.65,11468724.0,897293339.0,0.0,0.07718,75.91,2.99038334870243
US.RBRK,Rubrik,2025-12-22 00:00:00,78.82,79.71,80.6999,78.1,2529161.0,200702199.0,0.0,0.01702,78.18,1.9570222563315198
US.RBRK,Rubrik,2025-12-23 00:00:00,78.99,78.75,79.65,78.0,1838921.0,144704753.0,0.0,0.01238,79.71,-1.20436582611968
US.RBRK,Rubrik,2025-12-24 00:00:00,78.15,78.8,78.99,77.75,793553.0,62311739.0,0.0,0.00534,78.75,0.06349206349205438
US.RBRK,Rubrik,2025-12-26 00:00:00,79.0,78.66,79.41,77.56,1273896.0,99971697.0,0.0,0.00857,78.8,-0.17766497461928488
US.RBRK,Rubrik,2025-12-29 00:00:00,77.77,78.01,78.7,77.25,1369810.0,106497156.0,0.0,0.00922,78.66,-0.826341215357218
US.RBRK,Rubrik,2025-12-30 00:00:00,78.54,77.87,78.73,77.53,1657670.0,129210862.0,0.0,0.01116,78.01,-0.17946417126009084
US.RBRK,Rubrik,2025-12-31 00:00:00,78.0,76.48,78.0,76.2,1650475.0,126680286.0,0.0,0.01111,77.87,-1.7850263259278298
US.RBRK,Rubrik,2026-01-02 00:00:00,77.65,75.47,78.78,74.275,2301342.0,173854977.0,0.0,0.01549,76.48,-1.3206066945606776
US.RBRK,Rubrik,2026-01-05 00:00:00,75.02,73.5,75.5652,72.91,3401542.0,250983686.0,0.0,0.02289,75.47,-2.6103087319464646
US.RBRK,Rubrik,2026-01-06 00:00:00,73.25,75.11,75.36,71.86,2903308.0,214759597.0,0.0,0.01954,73.5,2.190476190476187
US.RBRK,Rubrik,2026-01-07 00:00:00,75.39,76.87,77.6,75.2201,2426150.0,186337917.0,0.0,0.01633,75.11,2.3432299294368297
US.RBRK,Rubrik,2026-01-08 00:00:00,76.46,71.67,76.46,71.46,3521397.0,254526404.0,0.0,0.0237,76.87,-6.76466762065826
US.RBRK,Rubrik,2026-01-09 00:00:00,72.2,70.56,72.49,70.41,2637719.0,187485738.0,0.0,0.01775,71.67,-1.5487651737128516
US.RBRK,Rubrik,2026-01-12 00:00:00,70.0,71.37,71.63,69.04,3038323.0,215168119.0,0.0,0.02045,70.56,1.1479591836734748
US.RBRK,Rubrik,2026-01-13 00:00:00,71.54,70.82,72.34,69.88,2635473.0,186336307.0,0.0,0.01774,71.37,-0.7706319181729149
US.RBRK,Rubrik,2026-01-14 00:00:00,70.5,68.14,70.87,67.93,3124389.0,214825048.0,0.0,0.02103,70.82,-3.7842417396215633
US.RBRK,Rubrik,2026-01-15 00:00:00,68.85,69.05,70.75,68.395,3533012.0,244599972.0,0.0,0.02378,68.14,1.3354857646022733
US.RBRK,Rubrik,2026-01-16 00:00:00,69.2,67.1,69.2,66.93,3970078.0,268300041.0,0.0,0.02672,69.05,-2.824040550325857
US.RBRK,Rubrik,2026-01-20 00:00:00,65.8,64.88,67.37,64.83,3146823.0,206624307.0,0.0,0.02118,67.1,-3.308494783904614
US.RBRK,Rubrik,2026-01-21 00:00:00,64.97,64.35,65.56,63.2,2908042.0,187002071.0,0.0,0.01957,64.88,-0.8168927250308267
US.RBRK,Rubrik,2026-01-22 00:00:00,65.86,65.1,66.115,64.695,2332266.0,152057713.0,0.0,0.0157,64.35,1.1655011655011593
US.RBRK,Rubrik,2026-01-23 00:00:00,65.43,65.67,66.44,65.0501,2063150.0,135628832.0,0.0,0.01388,65.1,0.8755760368663656
US.RBRK,Rubrik,2026-01-26 00:00:00,66.0,68.32,69.06,66.0,3358703.0,229226073.0,0.0,0.0226,65.67,4.0353281559311505
US.RBRK,Rubrik,2026-01-27 00:00:00,66.42,62.26,67.85,61.83,10536221.0,669609817.0,0.0,0.07091,68.32,-8.870023419203743
US.RBRK,Rubrik,2026-01-28 00:00:00,62.56,63.19,65.26,62.56,4642910.0,296944390.0,0.0,0.03125,62.26,1.4937359460327704
US.RBRK,Rubrik,2026-01-29 00:00:00,62.2,57.97,62.505,56.87,8379071.0,487500468.0,0.0,0.05639,63.19,-8.260800759613861
US.RBRK,Rubrik,2026-01-30 00:00:00,57.58,55.95,58.19,55.58,4852637.0,274214006.0,0.0,0.03266,57.97,-3.4845609798171417
US.RBRK,Rubrik,2026-02-02 00:00:00,56.0,54.45,56.59,54.03,4081426.0,224963170.0,0.0,0.02747,55.95,-2.680965147453085
US.RBRK,Rubrik,2026-02-03 00:00:00,54.0,52.15,54.775,50.01,6534457.0,337643475.0,0.0,0.04397,54.45,-4.224058769513328
US.RBRK,Rubrik,2026-02-04 00:00:00,51.06,51.87,52.1,48.575,6898040.0,352157796.0,0.0,0.04642,52.15,-0.5369127516778538
US.RBRK,Rubrik,2026-02-05 00:00:00,52.53,48.34,53.27,48.105,7879047.0,392899102.0,0.0,0.05302,51.87,-6.805475226527847
US.RBRK,Rubrik,2026-02-06 00:00:00,48.885,51.07,51.39,48.15,5495482.0,277195627.0,0.0,0.03698,48.34,5.64749689697972
US.RBRK,Rubrik,2026-02-09 00:00:00,50.85,54.06,54.89,49.86,4704312.0,250701264.0,0.0,0.03166,51.07,5.854709222635601
US.RBRK,Rubrik,2026-02-10 00:00:00,54.845,55.83,56.64,54.785,4463633.0,248348593.0,0.0,0.03004,54.06,3.2741398446170855
US.RBRK,Rubrik,2026-02-11 00:00:00,55.93,55.12,56.37,53.08,3193047.0,173256502.0,0.0,0.02149,55.83,-1.2717177144904168
US.RBRK,Rubrik,2026-02-12 00:00:00,55.18,53.19,55.88,51.82,3107625.0,165543990.0,0.0,0.02091,55.12,-3.5014513788098722
US.RBRK,Rubrik,2026-02-13 00:00:00,53.99,54.55,55.82,53.46,2219462.0,121316107.0,0.0,0.01494,53.19,2.556871592404586
US.RBRK,Rubrik,2026-02-17 00:00:00,54.2,53.5,54.65,52.0184,2898581.0,154624846.0,0.0,0.01951,54.55,-1.9248395967002674
US.RBRK,Rubrik,2026-02-18 00:00:00,53.08,54.39,55.055,51.88,2500795.0,135293321.0,0.0,0.01683,53.5,1.6635514018691566
US.RBRK,Rubrik,2026-02-19 00:00:00,54.4,54.16,54.886,53.01,2112469.0,113935408.0,0.0,0.01422,54.39,-0.422871851443285
US.RBRK,Rubrik,2026-02-20 00:00:00,52.83,50.2,55.425,49.8014,4105814.0,210852895.0,0.0,0.02763,54.16,-7.311669128508114
US.RBRK,Rubrik,2026-02-23 00:00:00,49.0,47.26,49.0,46.36,3916771.0,184910716.0,0.0,0.02636,50.2,-5.856573705179291
US.RBRK,Rubrik,2026-02-24 00:00:00,47.21,51.04,51.16,46.9,3925926.0,196773928.0,0.0,0.02642,47.26,7.998307236563695
US.RBRK,Rubrik,2026-02-25 00:00:00,51.25,52.16,52.18,50.08,2274057.0,117051904.0,0.0,0.0153,51.04,2.1943573667711602
US.RBRK,Rubrik,2026-02-26 00:00:00,52.94,54.33,54.96,52.2297,2465387.0,132978829.0,0.0,0.01659,52.16,4.16027607361964
US.RBRK,Rubrik,2026-02-27 00:00:00,51.76,51.96,53.0,51.185,2583118.0,133880290.0,0.0,0.01738,54.33,-4.362230811706236
US.RBRK,Rubrik,2026-03-02 00:00:00,51.0,53.69,54.43,50.98,3228778.0,172949307.0,0.0,0.02173,51.96,3.329484218629708
US.RBRK,Rubrik,2026-03-03 00:00:00,51.93,53.87,54.03,50.03,2702510.0,142711081.0,0.0,0.01819,53.69,0.33525796237661165
US.RBRK,Rubrik,2026-03-04 00:00:00,53.15,54.87,54.99,52.98,2579280.0,140395274.0,0.0,0.01736,53.87,1.8563207722294361
US.RBRK,Rubrik,2026-03-05 00:00:00,54.92,55.88,57.99,54.92,3754610.0,211098619.0,0.0,0.02527,54.87,1.8407144158921085
US.RBRK,Rubrik,2026-03-06 00:00:00,55.8,57.17,58.1604,55.14,3451583.0,197043770.0,0.0,0.02323,55.88,2.308518253400149
US.RBRK,Rubrik,2026-03-09 00:00:00,56.34,57.17,57.65,55.11,3540901.0,200164290.0,0.0,0.02383,57.17,0.0
US.RBRK,Rubrik,2026-03-10 00:00:00,57.41,55.95,57.55,55.0,2848532.0,160103792.0,0.0,0.01917,57.17,-2.133986356480666
US.RBRK,Rubrik,2026-03-11 00:00:00,57.2,57.52,57.79,55.89,2696617.0,153830271.0,0.0,0.01815,55.95,2.8060768543342274
US.RBRK,Rubrik,2026-03-12 00:00:00,57.54,54.02,57.94,53.9,9783956.0,540714049.0,0.0,0.06584,57.52,-6.084840055632823
US.RBRK,Rubrik,2026-03-13 00:00:00,55.92,53.43,56.85,52.4,9708917.0,524507508.0,0.0,0.06534,54.02,-1.0921880784894533
US.RBRK,Rubrik,2026-03-16 00:00:00,53.35,51.67,54.0,51.2,6336073.0,329693789.0,0.0,0.04264,53.43,-3.2940295714018353
US.RBRK,Rubrik,2026-03-17 00:00:00,51.6,52.06,53.09,51.0701,4489822.0,234777049.0,0.0,0.03021,51.67,0.7547900135475238
US.RBRK,Rubrik,2026-03-18 00:00:00,51.3,52.09,53.565,51.22,5195667.0,273214294.0,0.0,0.03496,52.06,0.05762581636572506
US.RBRK,Rubrik,2026-03-19 00:00:00,51.8,50.92,52.87,50.37,3835381.0,196398290.0,0.0,0.02581,52.09,-2.2461124976003055
US.RBRK,Rubrik,2026-03-20 00:00:00,50.89,49.28,50.89,49.1,9462376.0,468198536.0,0.0,0.06368,50.92,-3.2207384131971772
US.RBRK,Rubrik,2026-03-23 00:00:00,49.76,51.18,51.89,49.0,4618501.0,235615895.0,0.0,0.03108,49.28,3.855519480519476
US.RBRK,Rubrik,2026-03-24 00:00:00,50.68,48.07,50.68,48.0,4085107.0,198224507.0,0.0,0.02749,51.18,-6.0765924189136395
US.RBRK,Rubrik,2026-03-25 00:00:00,48.86,47.18,49.4599,46.7,3675682.0,175242186.0,0.0,0.02474,48.07,-1.8514666111920097
US.RBRK,Rubrik,2026-03-26 00:00:00,46.3,47.59,48.76,46.0017,2924935.0,139314503.0,0.0,0.01968,47.18,0.8690122933446398
US.RBRK,Rubrik,2026-03-27 00:00:00,46.77,45.73,46.95,44.75,3909002.0,178353196.0,0.0,0.02631,47.59,-3.9083841143097375
US.RBRK,Rubrik,2026-03-30 00:00:00,45.99,45.58,47.4299,45.035,4050823.0,186612941.0,0.0,0.02726,45.73,-0.3280122457905099
US.RBRK,Rubrik,2026-03-31 00:00:00,46.26,48.97,49.08,46.13,4020378.0,194148471.0,0.0,0.02706,45.58,7.437472575691095
US.RBRK,Rubrik,2026-04-01 00:00:00,49.67,48.59,49.7,47.73,2060154.0,100771388.0,0.0,0.01386,48.97,-0.7759852971206738
US.RBRK,Rubrik,2026-04-02 00:00:00,49.07,51.44,52.095,48.08,3316644.0,167435995.0,0.0,0.02232,48.59,5.865404404198382
US.RBRK,Rubrik,2026-04-06 00:00:00,51.51,50.9,52.0,50.1,2043400.0,104033425.0,0.0,0.01375,51.44,-1.0497667185069948
US.RBRK,Rubrik,2026-04-07 00:00:00,50.78,52.78,53.22,49.91,2681349.0,139695542.0,0.0,0.01804,50.9,3.693516699410604
US.RBRK,Rubrik,2026-04-08 00:00:00,55.04,51.63,56.0,51.46,4380904.0,230703667.0,0.0,0.02948,52.78,-2.178855627131482
US.RBRK,Rubrik,2026-04-09 00:00:00,50.97,46.18,51.075,45.019,6327953.0,294303954.0,0.0,0.04258,51.63,-10.555878365291505
US.RBRK,Rubrik,2026-04-10 00:00:00,46.7,43.81,46.7,42.25,6871127.0,300001630.0,0.0,0.04624,46.18,-5.132091814638362
US.RBRK,Rubrik,2026-04-13 00:00:00,44.04,48.61,48.6499,44.04,4642536.0,219909941.0,0.0,0.03124,43.81,10.956402647797292
US.RBRK,Rubrik,2026-04-14 00:00:00,49.56,48.03,51.005,47.25,2665164.0,129291277.0,0.0,0.01794,48.61,-1.1931701296029606
US.RBRK,Rubrik,2026-04-15 00:00:00,49.0,51.36,51.9199,48.69,3009397.0,153173043.0,0.0,0.02025,48.03,6.933166770768273
US.RBRK,Rubrik,2026-04-16 00:00:00,53.06,51.94,53.72,51.52,3220832.0,168290066.0,0.0,0.02168,51.36,1.1292834890965775
US.RBRK,Rubrik,2026-04-17 00:00:00,54.26,52.34,54.42,51.725,3925897.0,206642385.0,0.0,0.02642,51.94,0.7701193685021313
US.RBRK,Rubrik,2026-04-20 00:00:00,52.0,53.6,53.74,51.79,2117555.0,112527958.0,0.0,0.01425,52.34,2.4073366450133804
US.RBRK,Rubrik,2026-04-21 00:00:00,53.82,54.02,56.4999,53.73,3748062.0,204894207.0,0.0,0.02522,53.6,0.7835820895522483
US.RBRK,Rubrik,2026-04-22 00:00:00,54.84,55.24,55.82,53.97,2562566.0,140915398.0,0.0,0.01725,54.02,2.25842280636801
US.RBRK,Rubrik,2026-04-23 00:00:00,53.25,51.03,53.25,49.8814,3316586.0,169876243.0,0.0,0.02232,55.24,-7.62128892107169
US.RBRK,Rubrik,2026-04-24 00:00:00,51.66,52.28,52.76,50.255,2557749.0,132930113.0,0.0,0.01625,51.03,2.449539486576513
US.RBRK,Rubrik,2026-04-27 00:00:00,52.35,53.26,54.05,51.36,2650618.0,141123051.0,0.0,0.01684,52.28,1.8745218056618107
US.RBRK,Rubrik,2026-04-28 00:00:00,53.1,54.58,55.7899,53.1,2723011.0,148275402.0,0.0,0.0173,53.26,2.478407810739758
US.RBRK,Rubrik,2026-04-29 00:00:00,54.0,53.68,54.275,52.691,2822568.0,151310948.0,0.0,0.01793,54.58,-1.6489556614144307
US.RBRK,Rubrik,2026-04-30 00:00:00,53.12,53.18,53.85,52.09,2415978.0,128344422.0,0.0,0.01535,53.68,-0.9314456035767527
US.RBRK,Rubrik,2026-05-01 00:00:00,55.75,55.07,56.9699,54.4,2620661.0,145462581.0,0.0,0.01665,53.18,3.5539676570139234
US.RBRK,Rubrik,2026-05-04 00:00:00,55.19,57.93,58.19,55.19,3282348.0,188702254.0,0.0,0.02085,55.07,5.19339023061558
US.RBRK,Rubrik,2026-05-05 00:00:00,58.0,57.13,59.16,56.44,2148379.0,123729866.0,0.0,0.01365,57.93,-1.3809770412566813
US.RBRK,Rubrik,2026-05-06 00:00:00,56.96,57.78,57.93,55.51,3183991.0,182664616.0,0.0,0.02023,57.13,1.137755995098888
US.RBRK,Rubrik,2026-05-07 00:00:00,61.0,61.49,62.47,60.38,4841936.0,298521589.0,0.0,0.03076,57.78,6.420906888196609
US.RBRK,Rubrik,2026-05-08 00:00:00,60.3,62.34,62.49,59.32,3629274.0,224348948.0,0.0,0.02305,61.49,1.3823385916409192
US.RBRK,Rubrik,2026-05-11 00:00:00,61.46,62.17,62.93,61.1,2732120.0,169471890.0,0.0,0.01735,62.34,-0.2726981071543233
US.RBRK,Rubrik,2026-05-12 00:00:00,61.81,60.47,62.04,60.1001,2545294.0,154633664.0,0.0,0.01617,62.17,-2.734437831751657
US.RBRK,Rubrik,2026-05-13 00:00:00,59.61,59.48,60.47,58.04,2769025.0,164461931.0,0.0,0.01759,60.47,-1.637175458905249
US.RBRK,Rubrik,2026-05-14 00:00:00,59.5,62.8,63.62,58.602,3173285.0,198291991.0,0.0,0.02016,59.48,5.581708137188968
US.RBRK,Rubrik,2026-05-15 00:00:00,62.6,63.77,64.5785,61.76,3157297.0,201089687.0,0.0,0.02006,62.8,1.544585987261149
US.RBRK,Rubrik,2026-05-18 00:00:00,62.94,64.98,65.4,62.23,2839231.0,183421987.0,0.0,0.01804,63.77,1.8974439391563402
US.RBRK,Rubrik,2026-05-19 00:00:00,65.99,64.33,67.31,64.08,3817691.0,248772381.0,0.0,0.02425,64.98,-1.0003077870114008
US.RBRK,Rubrik,2026-05-20 00:00:00,64.46,66.89,67.22,63.3,4024535.0,266121259.0,0.0,0.02557,64.33,3.9794808021140993
US.RBRK,Rubrik,2026-05-21 00:00:00,66.0,64.79,66.535,64.675,2081427.0,135868713.0,0.0,0.01322,66.89,-3.139482732844956
US.RBRK,Rubrik,2026-05-22 00:00:00,65.0,66.59,67.22,64.895,2429776.0,161645472.0,0.0,0.01544,64.79,2.7782065133508116
US.RBRK,Rubrik,2026-05-26 00:00:00,67.07,68.31,69.53,64.93,3123685.0,213512734.0,0.0,0.01985,66.59,2.5829704159783695
US.RBRK,Rubrik,2026-05-27 00:00:00,65.24,65.81,67.0,64.5177,3825810.0,252129209.0,0.0,0.02431,68.31,-3.659786268481924
US.RBRK,Rubrik,2026-05-28 00:00:00,65.99,70.32,72.3499,65.99,4300676.0,304288420.0,0.0,0.02732,65.81,6.8530618447044445
US.RBRK,Rubrik,2026-05-29 00:00:00,72.0,78.63,78.88,71.01,5414561.0,415797474.0,0.0,0.0344,70.32,11.817406143344723
US.RBRK,Rubrik,2026-06-01 00:00:00,79.75,85.07,86.455,79.1502,7184436.0,603140791.0,0.0,0.04565,78.63,8.190258171181487
US.RBRK,Rubrik,2026-06-02 00:00:00,81.6,82.33,84.51,80.5871,5227198.0,429947798.0,0.0,0.03321,85.07,-3.2208769248853852
US.RBRK,Rubrik,2026-06-03 00:00:00,80.73,79.46,80.73,76.088,5348541.0,421578174.0,0.0,0.03398,82.33,-3.485971091947049
US.RBRK,Rubrik,2026-06-04 00:00:00,77.5,77.0,78.25,75.71,9244057.0,712335857.0,0.0,0.05873,79.46,-3.0958973068210383
US.RBRK,Rubrik,2026-06-05 00:00:00,77.0,73.41,78.08,71.99,9492408.0,697245426.0,0.0,0.0603,77.0,-4.662337662337668
US.RBRK,Rubrik,2026-06-08 00:00:00,73.4,71.73,74.0,70.77,4543922.0,326838024.0,0.0,0.02887,73.41,-2.2885165508786165
US.RBRK,Rubrik,2026-06-09 00:00:00,70.4,71.74,72.67,67.94,4377738.0,311123643.0,0.0,0.02781,71.73,0.013941168269893112
US.RBRK,Rubrik,2026-06-10 00:00:00,70.28,71.32,75.32,70.1001,3479853.0,251979829.0,0.0,0.02209,71.74,-0.5854474491218342
US.RBRK,Rubrik,2026-06-11 00:00:00,70.28,71.45,72.18,67.57,3611982.0,253667456.0,0.0,0.02293,71.32,0.1822770611329405
US.RBRK,Rubrik,2026-06-12 00:00:00,71.39,68.19,71.75,67.81,4116621.0,283638798.0,0.0,0.02613,71.45,-4.562631210636814
US.RBRK,Rubrik,2026-06-15 00:00:00,69.54,69.79,70.46,67.0,3829399.0,266103329.0,0.0,0.02431,68.19,2.3463851004546177
US.RBRK,Rubrik,2026-06-16 00:00:00,69.5,69.18,71.12,68.51,2524016.0,175735110.0,0.0,0.01602,69.79,-0.8740507235993733
US.RBRK,Rubrik,2026-06-17 00:00:00,69.44,69.24,71.0,67.65,2728646.0,190302887.0,0.0,0.01733,69.18,0.08673026886381052
US.RBRK,Rubrik,2026-06-18 00:00:00,69.19,70.22,70.49,66.37,7232142.0,505929144.0,0.0,0.04601,69.24,1.4153668399768948
US.RBRK,Rubrik,2026-06-22 00:00:00,69.27,70.53,73.87,68.55,5210436.0,369985496.0,0.0,0.03315,70.22,0.44146966676161803
US.RBRK,Rubrik,2026-06-23 00:00:00,70.43,74.24,75.15,69.51,4970281.0,366734879.0,0.0,0.03162,70.53,5.260172976038557
US.RBRK,Rubrik,2026-06-24 00:00:00,73.43,74.52,76.204,72.735,2612712.0,195576844.0,0.0,0.01662,74.24,0.37715517241379004
US.RBRK,Rubrik,2026-06-25 00:00:00,71.775,71.02,73.085,69.75,3526353.0,251368077.0,0.0,0.02244,74.52,-4.6967257112184635
US.RBRK,Rubrik,2026-06-26 00:00:00,70.83,72.33,72.665,70.06,3836880.0,275350508.0,0.0,0.02441,71.02,1.844550830751901
US.RBRK,Rubrik,2026-06-29 00:00:00,74.0,76.52,77.88,72.32,3272227.0,249562821.0,0.0,0.02082,72.33,5.792893681736477
US.RBRK,Rubrik,2026-06-30 00:00:00,75.36,80.28,81.73,75.36,4481401.0,357719721.0,0.0,0.02851,76.52,4.913748039728172
US.RBRK,Rubrik,2026-07-01 00:00:00,81.4,82.01,83.99,80.43,4752066.0,393032685.0,0.0,0.03023,80.28,2.1549576482311927
US.RBRK,Rubrik,2026-07-02 00:00:00,81.39,83.64,84.5,81.39,3029799.0,252399274.0,0.0,0.01928,82.01,1.9875624923789692
US.RBRK,Rubrik,2026-07-06 00:00:00,82.78,87.36,89.35,82.595,4071129.0,356609662.0,0.0,0.02591,83.64,4.44763271162123
US.RBRK,Rubrik,2026-07-07 00:00:00,89.17,87.04,89.8,84.72,2836459.0,248364807.0,0.0,0.01805,87.36,-0.3663003663003539
US.RBRK,Rubrik,2026-07-08 00:00:00,86.15,84.4,87.5,83.2813,2776090.0,234505064.0,0.0,0.01767,87.04,-3.0330882352941235
US.RBRK,Rubrik,2026-07-09 00:00:00,82.7,88.75,88.88,81.5397,2806644.0,246091913.0,0.0,0.01786,84.4,5.154028436018954
US.RBRK,Rubrik,2026-07-10 00:00:00,89.5,84.38,90.44,83.78,2488765.0,212739161.0,0.0,0.01581,88.75,-4.923943661971841
US.RBRK,Rubrik,2026-07-13 00:00:00,82.82,83.84,84.7925,81.41,2896320.0,241999451.0,0.0,0.01839,84.38,-0.6399620763213987
US.RBRK,Rubrik,2026-07-14 00:00:00,82.77,88.05,89.8,82.6743,3683224.0,322338388.0,0.0,0.02339,83.84,5.021469465648853
US.RBRK,Rubrik,2026-07-15 00:00:00,89.34,80.38,89.854,79.48,4291531.0,350557216.0,0.0,0.02726,88.05,-8.710959681998865
US.RBRK,Rubrik,2026-07-16 00:00:00,81.0,79.82,81.49,78.34,1833575.0,146834078.0,0.0,0.01165,80.38,-0.6966907190843474
US.RBRK,Rubrik,2026-07-17 00:00:00,77.46,78.97,80.095,76.7547,2368537.0,186342279.0,0.0,0.01505,79.82,-1.0648960160360765
US.RBRK,Rubrik,2026-07-20 00:00:00,78.22,78.18,80.1195,77.9036,1567925.0,123269089.0,0.0,0.00996,78.97,-1.00037989109788
US.RBRK,Rubrik,2026-07-21 00:00:00,78.27,75.8,79.24,74.79,2239950.0,170158270.0,0.0,0.01423,78.18,-3.0442568431824135
US.RBRK,Rubrik,2026-07-22 00:00:00,75.45,73.69,75.605,73.0,1824892.0,134540913.0,0.0,0.01159,75.8,-2.783641160949868
US.RBRK,Rubrik,2026-07-23 00:00:00,73.77,72.63,74.25,71.56,1869192.0,135737648.0,0.0,0.01187,73.69,-1.4384584068394712
US.RBRK,Rubrik,2026-07-24 00:00:00,73.79,73.24,73.95,71.57,1393436.0,101824603.0,0.0,0.00885,72.63,0.8398733305796435
US.RBRK,Rubrik,2026-07-27 00:00:00,74.77,74.82,76.45,73.61,1907419.0,143172673.0,0.0,0.01212,73.24,2.157291097760794
US.RBRK,Rubrik,2026-07-28 00:00:00,74.475,71.45,74.475,67.31,3443983.0,245101696.0,0.0,0.02188,74.82,-4.504143277198603
US.RBRK,Rubrik,2026-07-29 00:00:00,71.71,71.91,73.97,71.1,2232736.0,161360612.0,0.0,0.01418,71.45,0.6438068579426082
US.RBRK,Rubrik,2026-07-30 00:00:00,72.5,71.58,73.024,69.96,1978051.0,140504086.0,0.0,0.01257,71.91,-0.4589069670421386
US.RBRK,Rubrik,2026-07-31 00:00:00,72.07,72.36,73.67,70.13,1817887.0,130887181.0,0.0,0.01155,71.58,1.0896898575021075
US.RBRK,Rubrik,2026-08-03 00:00:00,74.47,74.74,75.02,73.08,2360434.0,175581213.0,0.0,0.015,72.36,3.2891100055279177
US.RBRK,Rubrik,2026-08-04 00:00:00,76.01,80.99,81.44,75.64,3089291.0,247180714.0,0.0,0.01963,74.74,8.362322718758364
US.RBRK,Rubrik,2026-08-05 00:00:00,82.4,84.81,84.9,81.28,3741027.0,314371125.0,0.0,0.02377,80.99,4.716631682923822
US.RBRK,Rubrik,2026-08-06 00:00:00,82.01,84.6,84.87,80.66,2409814.0,201922632.0,0.0,0.01531,84.81,-0.2476123098691274
US.RBRK,Rubrik,2026-08-07 00:00:00,87.85,90.07,91.05,86.99,4046352.0,362845504.0,0.0,0.0269,84.6,6.465721040189121
US.RBRK,Rubrik,2026-08-10 00:00:00,90.82,97.91,99.95,90.0,5989069.0,584712652.0,0.0,0.03982,90.07,8.704341068058174
US.RBRK,Rubrik,2026-08-11 00:00:00,97.1,96.74,99.3627,95.75,2123775.0,207199658.585,0.0,0.01412,97.91,-1.1949749770197138
