code,name,time_key,open,close,high,low,pe_ratio,turnover_rate,volume,turnover,change_rate,last_close
US.SE,Sea,2025-07-07 00:00:00,150.0,151.11,153.0,148.3,204.202,0.0078,2448113.0,369543867.0,1.0972101425035223,149.47
US.SE,Sea,2025-07-08 00:00:00,153.0,149.11,153.35,145.93,201.5,0.01188,3728685.0,554864627.0,-1.323539143670174,151.11
US.SE,Sea,2025-07-09 00:00:00,150.805,152.74,154.93,148.42,206.405,0.01271,3988562.0,607433296.0,2.4344443699282374,149.11
US.SE,Sea,2025-07-10 00:00:00,153.09,149.4,153.12,145.2413,201.891,0.01735,5446376.0,810197530.0,-2.186722535026845,152.74
US.SE,Sea,2025-07-11 00:00:00,149.17,148.26,150.0,147.05,200.351,0.00916,2875245.0,425507071.0,-0.7630522088353513,149.4
US.SE,Sea,2025-07-14 00:00:00,148.47,151.12,152.29,148.0,204.216,0.01125,3530435.0,533727867.0,1.9290435721030716,148.26
US.SE,Sea,2025-07-15 00:00:00,154.05,158.26,158.56,150.7,213.864,0.0162,5083349.0,796668264.0,4.724722075172039,151.12
US.SE,Sea,2025-07-16 00:00:00,158.5,161.3,164.83,156.42,217.972,0.02473,7762517.0,1253072988.0,1.920889675218009,158.26
US.SE,Sea,2025-07-17 00:00:00,161.83,167.08,167.4,159.23,225.783,0.01623,5095269.0,840462396.0,3.5833849969001865,161.3
US.SE,Sea,2025-07-18 00:00:00,168.01,168.55,170.0,167.08,227.77,0.01388,4355331.0,734122053.0,0.8798180512329415,167.08
US.SE,Sea,2025-07-21 00:00:00,163.71,155.29,165.58,154.77,209.851,0.02468,7744470.0,1219714411.0,-7.8671017502224965,168.55
US.SE,Sea,2025-07-22 00:00:00,154.96,154.82,156.09,151.06,209.216,0.01405,4410002.0,679443348.0,-0.30265954021508074,155.29
US.SE,Sea,2025-07-23 00:00:00,155.39,158.57,160.22,154.95,214.283,0.01099,3450619.0,546621002.0,2.422167678594497,154.82
US.SE,Sea,2025-07-24 00:00:00,159.38,157.87,159.83,154.75,213.337,0.00684,2148102.0,337257453.0,-0.4414454184271859,158.57
US.SE,Sea,2025-07-25 00:00:00,153.99,157.71,160.02,153.4733,213.121,0.01361,4272672.0,675223423.0,-0.10134921137644681,157.87
US.SE,Sea,2025-07-28 00:00:00,159.0,160.74,161.5,158.11,217.216,0.0079,2479248.0,396837841.0,1.921247859996196,157.71
US.SE,Sea,2025-07-29 00:00:00,161.0,160.46,162.22,158.35,216.837,0.00647,2031280.0,325747169.0,-0.17419435112604276,160.74
US.SE,Sea,2025-07-30 00:00:00,159.54,159.25,160.7,157.26,215.202,0.01166,3658189.0,582223517.0,-0.7540820142091537,160.46
US.SE,Sea,2025-07-31 00:00:00,159.62,156.65,160.04,155.83,211.689,0.0095,2981326.0,470150743.0,-1.632653061224486,159.25
US.SE,Sea,2025-08-01 00:00:00,153.54,154.21,155.45,150.75,208.391,0.00882,2768583.0,425476185.0,-1.557612511969357,156.65
US.SE,Sea,2025-08-04 00:00:00,155.5,156.74,157.29,154.08,211.81,0.00673,2113228.0,329185435.0,1.6406199338564302,154.21
US.SE,Sea,2025-08-05 00:00:00,154.95,151.44,155.02,149.04,204.648,0.01796,5636929.0,852755662.0,-3.381395942324876,156.74
US.SE,Sea,2025-08-06 00:00:00,152.26,147.54,152.65,147.23,199.378,0.01942,6095038.0,904897335.0,-2.575277337559433,151.44
US.SE,Sea,2025-08-07 00:00:00,150.0,148.86,151.11,147.52,201.162,0.01176,3689702.0,550499908.0,0.894672631150889,147.54
US.SE,Sea,2025-08-08 00:00:00,150.28,147.61,151.04,145.63,199.472,0.01225,3846112.0,566007201.0,-0.8397151686148057,148.86
US.SE,Sea,2025-08-11 00:00:00,147.2,146.23,150.29,145.89,197.608,0.02233,7008431.0,1031598816.0,-0.9348960097554527,147.61
US.SE,Sea,2025-08-12 00:00:00,166.5,174.12,178.0,165.8,235.297,0.06187,19418596.0,3362062579.0,19.072693701702807,146.23
US.SE,Sea,2025-08-13 00:00:00,175.86,174.66,181.76,173.02,236.027,0.0247,7751425.0,1366788805.0,0.31013094417642545,174.12
US.SE,Sea,2025-08-14 00:00:00,174.0,174.01,175.7,170.69,235.148,0.01133,3556261.0,619275111.0,-0.37215160884003534,174.66
US.SE,Sea,2025-08-15 00:00:00,174.71,177.28,180.11,174.14,239.567,0.01385,4346741.0,772515984.0,1.8792023446928399,174.01
US.SE,Sea,2025-08-18 00:00:00,177.05,177.27,177.72,174.6,239.554,0.00802,2516419.0,444745114.0,-0.005640794223821585,177.28
US.SE,Sea,2025-08-19 00:00:00,177.51,179.25,181.6,177.25,242.229,0.01303,4088483.0,734294845.0,1.1169402606193883,177.27
US.SE,Sea,2025-08-20 00:00:00,178.24,178.74,178.98,173.71,241.54,0.01092,3428293.0,607253726.0,-0.28451882845187776,179.25
US.SE,Sea,2025-08-21 00:00:00,178.25,179.6,181.2,177.5,242.702,0.00834,2616731.0,467863790.0,0.4811457983663339,178.74
US.SE,Sea,2025-08-22 00:00:00,180.0,185.53,185.68,178.89,250.716,0.0155,4864561.0,895201398.0,3.301781737193768,179.6
US.SE,Sea,2025-08-25 00:00:00,186.5,187.55,190.7499,184.25,253.445,0.01512,4745779.0,895810137.0,1.0887727052228804,185.53
US.SE,Sea,2025-08-26 00:00:00,187.0,188.29,188.76,186.1,254.445,0.00807,2531683.0,475818301.0,0.39456145027991507,187.55
US.SE,Sea,2025-08-27 00:00:00,187.5,182.91,188.88,182.7701,247.175,0.00824,2586603.0,477379025.0,-2.857294598757234,188.29
US.SE,Sea,2025-08-28 00:00:00,183.48,186.24,186.25,181.39,251.675,0.01138,3571039.0,659721127.0,1.82056749220929,182.91
US.SE,Sea,2025-08-29 00:00:00,186.24,186.54,188.02,185.07,252.081,0.01706,5354478.0,998289715.0,0.16108247422679497,186.24
US.SE,Sea,2025-09-02 00:00:00,181.63,178.78,181.86,176.5,241.594,0.01646,5167512.0,922765995.0,-4.159965691004606,186.54
US.SE,Sea,2025-09-03 00:00:00,177.44,180.98,181.09,173.0,244.567,0.00885,2776482.0,497294984.0,1.2305627027631663,178.78
US.SE,Sea,2025-09-04 00:00:00,182.27,189.71,190.0,182.0,256.364,0.01265,3970855.0,743622060.0,4.8237374295502375,180.98
US.SE,Sea,2025-09-05 00:00:00,192.19,191.62,192.28,185.82,258.945,0.01412,4430201.0,842208893.0,1.0067998524063027,189.71
US.SE,Sea,2025-09-08 00:00:00,193.25,190.57,195.0,189.95,257.527,0.01014,3182695.0,612141929.0,-0.5479595031833897,191.62
US.SE,Sea,2025-09-09 00:00:00,189.98,192.67,192.91,187.7,260.364,0.01023,3209374.0,613746982.0,1.101957286036624,190.57
US.SE,Sea,2025-09-10 00:00:00,192.0,193.04,193.61,190.62,260.864,0.00792,2485600.0,477962573.0,0.19203820003114372,192.67
US.SE,Sea,2025-09-11 00:00:00,195.0,196.5,199.3,194.1401,265.54,0.01441,4523438.0,891278009.0,1.7923746373808578,193.04
US.SE,Sea,2025-09-12 00:00:00,195.55,196.05,197.7387,194.71,264.932,0.00972,3049258.0,599218673.0,-0.22900763358778045,196.5
US.SE,Sea,2025-09-15 00:00:00,196.17,190.46,196.449,189.25,257.378,0.01025,3215858.0,615688362.0,-2.851313440448867,196.05
US.SE,Sea,2025-09-16 00:00:00,189.19,189.07,191.015,187.03,255.5,0.01182,3709032.0,701514374.0,-0.7298120340228997,190.46
US.SE,Sea,2025-09-17 00:00:00,189.31,186.89,189.5,184.55,252.554,0.01121,3519356.0,657445195.0,-1.153012111916225,189.07
US.SE,Sea,2025-09-18 00:00:00,188.63,190.56,191.36,187.0,257.513,0.01339,4202056.0,797452953.0,1.9637219754936146,186.89
US.SE,Sea,2025-09-19 00:00:00,191.73,192.76,193.53,190.75,260.486,0.01004,3152366.0,606323149.0,1.1544920235096499,190.56
US.SE,Sea,2025-09-22 00:00:00,191.2,192.96,195.48,189.8,260.756,0.00753,2361976.0,457354319.0,0.10375596596805202,192.76
US.SE,Sea,2025-09-23 00:00:00,192.09,185.25,192.52,185.01,250.337,0.01137,3570097.0,666052191.0,-3.9956467661691577,192.96
US.SE,Sea,2025-09-24 00:00:00,185.0,185.82,189.32,183.31,251.108,0.00795,2495826.0,465884586.0,0.307692307692304,185.25
US.SE,Sea,2025-09-25 00:00:00,183.29,185.91,186.42,183.0,251.229,0.00991,3110161.0,575720048.0,0.04843396835647584,185.82
US.SE,Sea,2025-09-26 00:00:00,185.06,184.58,186.0,179.75,249.432,0.01001,3143266.0,575003689.0,-0.7153999246947362,185.91
US.SE,Sea,2025-09-29 00:00:00,186.13,181.45,186.235,180.38,245.202,0.01223,3839884.0,698087712.0,-1.6957416838227455,184.58
US.SE,Sea,2025-09-30 00:00:00,182.2,178.73,182.21,176.26,241.527,0.01338,4199693.0,747978916.0,-1.4990355469826393,181.45
US.SE,Sea,2025-10-01 00:00:00,179.0,182.01,182.87,176.69,245.959,0.01381,4333358.0,784153747.0,1.835170368712584,178.73
US.SE,Sea,2025-10-02 00:00:00,183.99,184.22,184.65,176.8224,248.945,0.01093,3429569.0,624480715.0,1.2142189989561059,182.01
US.SE,Sea,2025-10-03 00:00:00,184.31,184.91,188.77,183.15,249.878,0.00706,2215193.0,409938534.0,0.37455216588861023,184.22
US.SE,Sea,2025-10-06 00:00:00,186.05,189.5,190.9199,184.96,256.081,0.00947,2973260.0,563232747.0,2.482288680979938,184.91
US.SE,Sea,2025-10-07 00:00:00,190.5,191.01,191.32,187.69,258.121,0.00783,2458935.0,466972989.0,0.7968337730870665,189.5
US.SE,Sea,2025-10-08 00:00:00,190.99,192.69,193.48,189.33,260.391,0.00866,2718036.0,521322147.0,0.8795351028741986,191.01
US.SE,Sea,2025-10-09 00:00:00,191.37,188.0,191.39,183.88,254.054,0.01382,4338368.0,810995326.0,-2.4339612849654872,192.69
US.SE,Sea,2025-10-10 00:00:00,186.6,180.82,189.78,180.0,244.351,0.01018,3196337.0,583427636.0,-3.8191489361702162,188.0
US.SE,Sea,2025-10-13 00:00:00,181.15,182.6,183.9,180.934,246.756,0.00755,2371163.0,433117957.0,0.9844043800464558,180.82
US.SE,Sea,2025-10-14 00:00:00,179.32,180.69,181.86,176.0,244.175,0.00874,2744533.0,494250831.0,-1.046002190580502,182.6
US.SE,Sea,2025-10-15 00:00:00,184.25,163.42,184.96,162.02,220.837,0.02937,9218285.0,1573290227.0,-9.557806187392778,180.69
US.SE,Sea,2025-10-16 00:00:00,174.49,162.65,175.8,162.5,219.797,0.03907,12260817.0,2044251067.0,-0.4711785583159845,163.42
US.SE,Sea,2025-10-17 00:00:00,161.43,160.06,162.65,158.84,216.297,0.02121,6112944.0,980790384.0,-1.592376268060254,162.65
US.SE,Sea,2025-10-20 00:00:00,162.59,165.7,167.19,160.85,223.918,0.01422,4097814.0,676564605.0,3.5236786205172974,160.06
US.SE,Sea,2025-10-21 00:00:00,170.0,164.6,171.09,164.6,222.432,0.01347,3882763.0,650152029.0,-0.6638503319251625,165.7
US.SE,Sea,2025-10-22 00:00:00,156.4,156.74,161.3,154.72,211.81,0.02669,7693136.0,1207024067.0,-4.775212636695009,164.6
US.SE,Sea,2025-10-23 00:00:00,157.28,156.26,157.605,155.05,211.162,0.01061,3057860.0,478066275.0,-0.30623963251245256,156.74
US.SE,Sea,2025-10-24 00:00:00,158.71,154.66,158.71,154.225,209.0,0.00879,2532571.0,393863369.0,-1.0239344681940319,156.26
US.SE,Sea,2025-10-27 00:00:00,157.83,160.1,161.65,156.51,216.351,0.01364,3932037.0,628728316.0,3.5173929910772,154.66
US.SE,Sea,2025-10-28 00:00:00,162.16,159.71,164.03,157.41,215.824,0.01564,4508000.0,719195388.0,-0.24359775140536313,160.1
US.SE,Sea,2025-10-29 00:00:00,159.5,155.93,159.64,154.87,210.716,0.01094,3152483.0,493790719.0,-2.366789806524326,159.71
US.SE,Sea,2025-10-30 00:00:00,154.24,155.93,159.12,152.7958,210.716,0.01403,4045374.0,634212642.0,0.0,155.93
US.SE,Sea,2025-10-31 00:00:00,156.5,156.25,157.43,154.81,211.148,0.01083,3122047.0,487855575.0,0.20522029115628368,155.93
US.SE,Sea,2025-11-03 00:00:00,156.76,157.41,159.13,155.09,212.716,0.00935,2694206.0,424626964.0,0.7423999999999978,156.25
US.SE,Sea,2025-11-04 00:00:00,154.3,156.51,156.95,151.63,211.5,0.01034,2981792.0,463934292.0,-0.5717552887364244,157.41
US.SE,Sea,2025-11-05 00:00:00,156.16,157.76,159.11,155.48,213.189,0.00945,2723735.0,429631945.0,0.7986710114369691,156.51
US.SE,Sea,2025-11-06 00:00:00,158.32,153.56,159.8,152.35,207.513,0.01494,4305772.0,667712032.0,-2.6622718052738263,157.76
US.SE,Sea,2025-11-07 00:00:00,151.0,149.94,151.12,145.79,202.621,0.02451,7065029.0,1046613946.0,-2.3573847356082345,153.56
US.SE,Sea,2025-11-10 00:00:00,152.8,155.05,156.02,151.0,209.527,0.03106,8953709.0,1383054756.0,3.408029878618123,149.94
US.SE,Sea,2025-11-11 00:00:00,159.03,142.31,159.09,141.2,192.31,0.05554,16009065.0,2342453769.0,-8.216704288939058,155.05
US.SE,Sea,2025-11-12 00:00:00,145.295,143.35,150.79,142.61,193.716,0.02421,6978735.0,1014016089.0,0.7307989600168591,142.31
US.SE,Sea,2025-11-13 00:00:00,144.27,140.04,144.48,139.41,189.243,0.01903,5486170.0,773790277.0,-2.309033833275202,143.35
US.SE,Sea,2025-11-14 00:00:00,134.75,140.85,141.49,134.51,190.337,0.0214,6168509.0,857640957.0,0.5784061696658114,140.04
US.SE,Sea,2025-11-17 00:00:00,145.14,145.75,148.08,143.695,196.959,0.01785,5145923.0,751450603.0,3.47887823926163,140.85
US.SE,Sea,2025-11-18 00:00:00,143.52,147.26,148.0,143.49,199.0,0.01532,4416845.0,645665209.0,1.0360205831903884,145.75
US.SE,Sea,2025-11-19 00:00:00,146.5,143.53,147.34,143.24,193.959,0.01238,3567266.0,517938353.0,-2.5329349449952394,147.26
US.SE,Sea,2025-11-20 00:00:00,145.27,130.99,145.27,130.44,177.013,0.03526,10163684.0,1364869004.0,-8.736849439141638,143.53
US.SE,Sea,2025-11-21 00:00:00,131.28,131.34,133.94,127.835,177.486,0.02653,7647468.0,1001559782.0,0.26719596915794663,130.99
US.SE,Sea,2025-11-24 00:00:00,132.7,136.38,136.925,130.67,184.297,0.02031,5855347.0,793045225.0,3.8373686614892586,131.34
US.SE,Sea,2025-11-25 00:00:00,136.73,136.29,136.73,132.705,184.175,0.01496,4313131.0,582181330.0,-0.06599208095028847,136.38
US.SE,Sea,2025-11-26 00:00:00,138.11,134.26,140.41,134.19,181.432,0.01617,4661681.0,634770893.0,-1.4894709809964057,136.29
US.SE,Sea,2025-11-28 00:00:00,136.39,139.01,140.045,135.63,187.851,0.00899,2590529.0,359118870.0,3.537911514970952,134.26
US.SE,Sea,2025-12-01 00:00:00,138.32,135.28,138.675,135.06,182.81,0.01435,4135602.0,564164715.0,-2.6832601971081145,139.01
US.SE,Sea,2025-12-02 00:00:00,135.27,137.83,138.47,133.5,186.256,0.01234,3556208.0,488292219.0,1.884979302188063,135.28
US.SE,Sea,2025-12-03 00:00:00,137.2,135.04,137.23,134.58,182.486,0.01151,3318715.0,450302360.0,-2.024232750489748,137.83
US.SE,Sea,2025-12-04 00:00:00,134.66,135.41,135.72,132.21,182.986,0.00933,2689152.0,360909581.0,0.2739928909952641,135.04
US.SE,Sea,2025-12-05 00:00:00,136.07,133.99,138.11,133.755,181.067,0.01242,3579954.0,484761451.0,-1.0486670112990086,135.41
US.SE,Sea,2025-12-08 00:00:00,134.01,128.28,134.5,127.03,173.351,0.0253,7294207.0,941248554.0,-4.261512053138299,133.99
US.SE,Sea,2025-12-09 00:00:00,127.37,128.66,129.5,126.81,173.864,0.02028,5845189.0,750996370.0,0.29622700342999336,128.28
US.SE,Sea,2025-12-10 00:00:00,128.53,124.22,129.0,123.155,167.864,0.0246,7090842.0,885422369.0,-3.450956008083319,128.66
US.SE,Sea,2025-12-11 00:00:00,125.0,126.6,129.03,124.21,171.081,0.0223,6427127.0,814603379.0,1.9159555627113152,124.22
US.SE,Sea,2025-12-12 00:00:00,127.5,125.02,129.1,123.7507,168.945,0.01434,4132378.0,517914374.0,-1.2480252764612942,126.6
US.SE,Sea,2025-12-15 00:00:00,125.02,121.56,125.5,121.325,164.27,0.01267,3651032.0,447544317.0,-2.767557190849459,125.02
US.SE,Sea,2025-12-16 00:00:00,121.83,124.27,125.08,121.295,167.932,0.01864,5373274.0,662078830.0,2.2293517604475106,121.56
US.SE,Sea,2025-12-17 00:00:00,125.0,118.95,125.37,118.86,160.743,0.01906,5494088.0,661467864.0,-4.281001046109273,124.27
US.SE,Sea,2025-12-18 00:00:00,121.04,120.46,122.74,119.48,162.783,0.01962,5655892.0,682921226.0,1.2694409415720813,118.95
US.SE,Sea,2025-12-19 00:00:00,122.56,121.97,123.65,121.5,164.824,0.01703,4908147.0,599520120.0,1.2535281421218705,120.46
US.SE,Sea,2025-12-22 00:00:00,123.01,124.78,125.81,120.3,168.621,0.01263,3641550.0,450864483.0,2.3038452078379947,121.97
US.SE,Sea,2025-12-23 00:00:00,126.0,125.77,126.11,123.4,169.959,0.01136,3274624.0,409448704.0,0.7933963776246153,124.78
US.SE,Sea,2025-12-24 00:00:00,125.7,126.25,127.135,125.18,170.608,0.00596,1716626.0,217027580.0,0.3816490419018876,125.77
US.SE,Sea,2025-12-26 00:00:00,126.25,127.85,128.52,125.9,172.77,0.00639,1840549.0,234976080.0,1.267326732673263,126.25
US.SE,Sea,2025-12-29 00:00:00,127.85,130.89,131.19,127.45,176.878,0.01601,4615883.0,601001957.0,2.377786468517788,127.85
US.SE,Sea,2025-12-30 00:00:00,131.55,128.35,132.48,128.25,173.445,0.00841,2425281.0,313981098.0,-1.9405607762243045,130.89
US.SE,Sea,2025-12-31 00:00:00,127.81,127.57,128.1425,126.83,172.391,0.00685,1974282.0,251632796.0,-0.6077132839890933,128.35
US.SE,Sea,2026-01-02 00:00:00,131.53,131.49,133.5,129.16,177.689,0.01182,3407394.0,447103725.0,3.0728227639727335,127.57
US.SE,Sea,2026-01-05 00:00:00,133.86,139.78,142.8,133.335,188.891,0.02396,6905363.0,963927749.0,6.304661951479193,131.49
US.SE,Sea,2026-01-06 00:00:00,142.38,142.89,148.26,142.35,193.094,0.02883,8311756.0,1208784058.0,2.224924881957351,139.78
US.SE,Sea,2026-01-07 00:00:00,143.2,139.24,143.28,139.0501,188.162,0.01497,4316209.0,606853938.0,-2.5544124851284047,142.89
US.SE,Sea,2026-01-08 00:00:00,136.08,134.15,137.43,133.0,181.283,0.01442,4156233.0,557752684.0,-3.6555587474863565,139.24
US.SE,Sea,2026-01-09 00:00:00,133.57,133.52,135.0,131.71,180.432,0.01014,2921578.0,391285434.0,-0.46962355572120423,134.15
US.SE,Sea,2026-01-12 00:00:00,134.0,131.59,134.39,130.2,177.824,0.0107,3083184.0,405357581.0,-1.445476333133618,133.52
US.SE,Sea,2026-01-13 00:00:00,130.41,129.86,130.45,126.52,175.486,0.02202,6346270.0,816076086.0,-1.3146895660764417,131.59
US.SE,Sea,2026-01-14 00:00:00,129.04,125.25,129.185,123.9301,169.256,0.02168,6248811.0,782697664.0,-3.5499768981980697,129.86
US.SE,Sea,2026-01-15 00:00:00,124.03,124.0,125.0,121.86,167.567,0.01744,5026363.0,620607848.0,-0.998003992015968,125.25
US.SE,Sea,2026-01-16 00:00:00,124.0,121.42,124.38,120.8,164.081,0.01384,3989359.0,485805340.0,-2.080645161290321,124.0
US.SE,Sea,2026-01-20 00:00:00,119.23,121.22,121.73,118.54,163.81,0.02115,6096874.0,736477030.0,-0.16471750947125913,121.42
US.SE,Sea,2026-01-21 00:00:00,122.41,121.13,122.8,119.59,163.689,0.02732,7875149.0,954675092.0,-0.07424517406368868,121.22
US.SE,Sea,2026-01-22 00:00:00,122.0,122.83,125.7,120.53,165.986,0.02368,6826636.0,839374706.0,1.4034508379427086,121.13
US.SE,Sea,2026-01-23 00:00:00,124.7,124.78,126.96,124.17,168.621,0.01284,3702131.0,465000550.0,1.587560042334937,122.83
US.SE,Sea,2026-01-26 00:00:00,124.885,125.93,126.56,122.1,170.175,0.01326,3823272.0,476515648.0,0.9216220548164816,124.78
US.SE,Sea,2026-01-27 00:00:00,127.2,127.11,127.92,124.05,171.77,0.00966,2784680.0,351887906.0,0.9370285079012091,125.93
US.SE,Sea,2026-01-28 00:00:00,128.38,126.55,130.19,125.54,171.013,0.01959,5645607.0,723995097.0,-0.44056329163716645,127.11
US.SE,Sea,2026-01-29 00:00:00,127.5,121.9,128.5,120.625,164.729,0.02011,5797658.0,711517525.0,-3.6744369814302584,126.55
US.SE,Sea,2026-01-30 00:00:00,120.51,116.49,121.89,115.61,157.418,0.01872,5395837.0,634036220.0,-4.4380639868744955,121.9
US.SE,Sea,2026-02-02 00:00:00,116.28,113.59,116.34,111.93,153.5,0.0265,7639285.0,871615861.0,-2.489484075886335,116.49
US.SE,Sea,2026-02-03 00:00:00,113.03,108.2,113.25,105.2,146.216,0.0358,10319591.0,1111086070.0,-4.745136015494323,113.59
US.SE,Sea,2026-02-04 00:00:00,107.63,106.26,107.9,102.285,143.594,0.03502,10093609.0,1061887045.0,-1.7929759704251365,108.2
US.SE,Sea,2026-02-05 00:00:00,106.55,108.57,109.497,106.0,146.716,0.0274,7897704.0,853657357.0,2.173913043478249,106.26
US.SE,Sea,2026-02-06 00:00:00,110.06,108.54,112.145,107.05,146.675,0.02679,7723509.0,837845625.0,-0.027631942525547508,108.57
US.SE,Sea,2026-02-09 00:00:00,108.0,108.86,110.22,106.81,147.108,0.02283,6581655.0,714679636.0,0.29482218536944277,108.54
US.SE,Sea,2026-02-10 00:00:00,109.89,113.33,114.9,108.51,153.148,0.02135,6155543.0,697863798.0,4.106191438544919,108.86
US.SE,Sea,2026-02-11 00:00:00,116.5,114.52,118.09,113.35,154.756,0.01936,5579414.0,641275674.0,1.0500308832612704,113.33
US.SE,Sea,2026-02-12 00:00:00,114.26,109.06,114.93,106.5,147.378,0.02405,6932833.0,754474983.0,-4.767726161369188,114.52
US.SE,Sea,2026-02-13 00:00:00,108.79,106.74,110.085,105.6,144.243,0.01782,5137892.0,554531185.0,-2.1272693929946884,109.06
US.SE,Sea,2026-02-17 00:00:00,107.0,108.51,110.77,106.75,146.635,0.01302,3754477.0,406904851.0,1.6582349634626292,106.74
US.SE,Sea,2026-02-18 00:00:00,109.0,112.78,113.18,108.48,152.405,0.01484,4276797.0,478856136.0,3.9351211869873706,108.51
US.SE,Sea,2026-02-19 00:00:00,113.34,114.6,117.46,113.106,154.864,0.0112,3227450.0,372048711.0,1.6137613051959507,112.78
US.SE,Sea,2026-02-20 00:00:00,113.8,115.0,116.53,112.78,155.405,0.01064,3065817.0,352700801.0,0.34904013961606084,114.6
US.SE,Sea,2026-02-23 00:00:00,113.92,111.24,115.85,110.99,150.324,0.01371,3951089.0,445033370.0,-3.269565217391309,115.0
US.SE,Sea,2026-02-24 00:00:00,109.7,107.11,109.87,104.51,144.743,0.02439,7030915.0,750779090.0,-3.712693275800068,111.24
US.SE,Sea,2026-02-25 00:00:00,106.0,104.47,106.7,102.54,141.175,0.02186,6300272.0,656245104.0,-2.4647558584632625,107.11
US.SE,Sea,2026-02-26 00:00:00,104.54,110.9,111.08,103.54,149.864,0.02178,6276740.0,683525756.0,6.154876998181303,104.47
US.SE,Sea,2026-02-27 00:00:00,108.87,108.45,110.51,107.7442,146.554,0.01913,5515022.0,599561399.0,-2.2091974752028882,110.9
US.SE,Sea,2026-03-02 00:00:00,105.03,105.21,105.728,102.81,41.75,0.02944,8486479.0,885439947.0,-2.9875518672199255,108.45
US.SE,Sea,2026-03-03 00:00:00,80.4,87.82,89.63,77.05,34.849,0.12086,34838423.0,2910966517.0,-16.528847067769227,105.21
US.SE,Sea,2026-03-04 00:00:00,88.0,88.26,89.2899,86.25,35.023,0.04172,12027364.0,1056286850.0,0.5010248235026327,87.82
US.SE,Sea,2026-03-05 00:00:00,89.43,95.52,96.0,89.0809,37.904,0.03968,11437076.0,1076222609.0,8.22569680489462,88.26
US.SE,Sea,2026-03-06 00:00:00,94.48,91.98,95.75,91.0,36.5,0.0259,7466315.0,691418791.0,-3.7060301507537607,95.52
US.SE,Sea,2026-03-09 00:00:00,90.14,90.1,90.8,87.58,35.753,0.02346,6762788.0,601541402.0,-2.0439225918678074,91.98
US.SE,Sea,2026-03-10 00:00:00,91.58,89.17,91.9787,89.0,35.384,0.01529,4408195.0,397488105.0,-1.032186459489448,90.1
US.SE,Sea,2026-03-11 00:00:00,88.41,87.82,89.95,85.95,34.849,0.01422,4097618.0,358438152.0,-1.5139620948749675,89.17
US.SE,Sea,2026-03-12 00:00:00,86.39,85.16,89.0,84.67,33.793,0.01599,4609835.0,395780050.0,-3.0289227966294656,87.82
US.SE,Sea,2026-03-13 00:00:00,85.34,86.0,87.5,84.91,34.126,0.01035,2983665.0,255903982.0,0.986378581493663,85.16
US.SE,Sea,2026-03-16 00:00:00,87.0,87.57,88.96,86.4707,34.75,0.01295,3732882.0,326602658.0,1.8255813953488293,86.0
US.SE,Sea,2026-03-17 00:00:00,87.22,87.59,89.192,86.26,34.757,0.01277,3682260.0,321247950.0,0.022838871759746755,87.57
US.SE,Sea,2026-03-18 00:00:00,86.47,84.47,86.57,84.295,33.519,0.01135,3270958.0,278381847.0,-3.5620504623815554,87.59
US.SE,Sea,2026-03-19 00:00:00,82.2,80.98,82.2,79.89,32.134,0.01859,5359134.0,433953915.0,-4.13164437078252,84.47
US.SE,Sea,2026-03-20 00:00:00,80.76,78.85,81.7,78.3212,31.289,0.02089,6022039.0,478975672.0,-2.6302790812546424,80.98
US.SE,Sea,2026-03-23 00:00:00,79.75,79.79,81.42,77.762,31.662,0.01672,4818289.0,385250591.0,1.19213696892836,78.85
US.SE,Sea,2026-03-24 00:00:00,78.45,78.31,79.41,77.27,31.075,0.01383,3986117.0,312476574.0,-1.8548690312069231,79.79
US.SE,Sea,2026-03-25 00:00:00,80.18,82.47,82.8,79.94,32.726,0.01046,3013939.0,246879317.0,5.312220661473626,78.31
US.SE,Sea,2026-03-26 00:00:00,81.91,79.86,83.1,79.73,31.69,0.00887,2557210.0,206521194.0,-3.1647871953437607,82.47
US.SE,Sea,2026-03-27 00:00:00,79.27,78.16,79.99,77.8915,31.015,0.00868,2503454.0,196870089.0,-2.1287252692211407,79.86
US.SE,Sea,2026-03-30 00:00:00,78.76,78.31,79.62,77.6,31.075,0.01178,3394607.0,266626842.0,0.19191402251791925,78.16
US.SE,Sea,2026-03-31 00:00:00,80.38,82.81,83.31,80.02,32.861,0.01409,4062028.0,333452472.0,5.746392542459456,78.31
US.SE,Sea,2026-04-01 00:00:00,84.13,82.16,84.855,81.37,32.603,0.01361,3924201.0,324733522.0,-0.7849293563579347,82.81
US.SE,Sea,2026-04-02 00:00:00,79.52,82.28,82.56,79.0,32.65,0.00804,2318178.0,188538066.0,0.14605647517040476,82.16
US.SE,Sea,2026-04-06 00:00:00,82.51,82.29,84.42,81.96,32.654,0.00716,2062643.0,170682069.0,0.012153621779296447,82.28
US.SE,Sea,2026-04-07 00:00:00,82.22,81.36,82.53,80.3,32.285,0.00661,1905804.0,154947555.0,-1.130149471381707,82.29
US.SE,Sea,2026-04-08 00:00:00,89.0,85.31,92.77,85.03,33.853,0.01889,5444299.0,472331577.0,4.854965585054084,81.36
US.SE,Sea,2026-04-09 00:00:00,85.0,85.46,85.55,82.3556,33.912,0.00916,2639580.0,222704696.0,0.17582932833195578,85.31
US.SE,Sea,2026-04-10 00:00:00,86.76,85.92,86.85,84.62,34.095,0.01172,3378305.0,289963958.0,0.5382635150947905,85.46
US.SE,Sea,2026-04-13 00:00:00,84.55,86.41,87.35,83.69,34.289,0.01097,3162627.0,271166242.0,0.5702979515828618,85.92
US.SE,Sea,2026-04-14 00:00:00,87.0,85.6,90.1999,85.35,33.968,0.01636,4716130.0,412977833.0,-0.937391505612779,86.41
US.SE,Sea,2026-04-15 00:00:00,86.5,90.33,91.075,85.89,35.845,0.01655,4770862.0,426786133.0,5.525700934579445,85.6
US.SE,Sea,2026-04-16 00:00:00,92.86,90.4,93.32,89.81,35.873,0.011,3169532.0,287759268.0,0.07749363445146396,90.33
US.SE,Sea,2026-04-17 00:00:00,92.13,91.33,93.44,89.47,36.242,0.01316,3792274.0,349074669.0,1.0287610619468943,90.4
US.SE,Sea,2026-04-20 00:00:00,90.65,89.34,90.875,88.605,35.452,0.01358,4192458.0,375202442.0,-2.1789116391109107,91.33
US.SE,Sea,2026-04-21 00:00:00,89.5,86.83,89.89,86.61,34.456,0.01083,3344842.0,294668742.0,-2.809491828967993,89.34
US.SE,Sea,2026-04-22 00:00:00,86.75,86.29,87.74,84.25,34.242,0.0232,7161941.0,615108007.0,-0.6219048715881516,86.83
US.SE,Sea,2026-04-23 00:00:00,84.78,83.35,84.78,82.04,33.075,0.01097,3385411.0,282237386.0,-3.407115540618857,86.29
US.SE,Sea,2026-04-24 00:00:00,83.5,85.44,85.84,83.0,33.904,0.01063,3283068.0,278663106.0,2.507498500299944,83.35
US.SE,Sea,2026-04-27 00:00:00,85.475,85.49,86.49,84.47,33.924,0.00945,2917364.0,250399094.0,0.058520599250933,85.44
US.SE,Sea,2026-04-28 00:00:00,84.41,85.84,86.78,84.41,34.063,0.01142,3526192.0,301758518.0,0.4094046087261768,85.49
US.SE,Sea,2026-04-29 00:00:00,85.89,83.21,86.6,81.88,33.019,0.01265,3904011.0,324576312.0,-3.0638397017707475,85.84
US.SE,Sea,2026-04-30 00:00:00,82.87,84.88,85.52,82.322,33.682,0.00936,2890437.0,244196311.0,2.0069703160677825,83.21
US.SE,Sea,2026-05-01 00:00:00,86.03,86.2,86.605,85.32,34.206,0.0086,2655137.0,228657408.0,1.5551366635249853,84.88
US.SE,Sea,2026-05-04 00:00:00,86.2,85.41,87.47,84.37,33.892,0.00694,2143004.0,183553645.0,-0.9164733178654365,86.2
US.SE,Sea,2026-05-05 00:00:00,86.08,84.48,86.11,83.51,33.523,0.00873,2695200.0,228060613.0,-1.0888654724271076,85.41
US.SE,Sea,2026-05-06 00:00:00,86.25,90.02,90.04,86.2,35.722,0.01233,3806279.0,337722894.0,6.5577651515151425,84.48
US.SE,Sea,2026-05-07 00:00:00,90.425,88.64,91.97,88.545,35.174,0.01406,4340886.0,389831876.0,-1.5329926682959292,90.02
US.SE,Sea,2026-05-08 00:00:00,85.8,86.73,87.79,84.68,34.416,0.01298,4006739.0,347342091.0,-2.1547833935018015,88.64
US.SE,Sea,2026-05-11 00:00:00,84.82,84.87,85.33,81.84,33.678,0.03569,11019026.0,924730081.0,-2.144586648218609,86.73
US.SE,Sea,2026-05-12 00:00:00,94.71,96.02,98.0965,90.25,38.103,0.04859,14999652.0,1425050633.0,13.137740073052894,84.87
US.SE,Sea,2026-05-13 00:00:00,98.57,93.52,99.973,92.8935,37.111,0.03175,10087121.0,955184003.0,-2.603624244948969,96.02
US.SE,Sea,2026-05-14 00:00:00,93.1,88.33,93.1,87.4,35.051,0.01531,4864564.0,433389651.0,-5.549615055603077,93.52
US.SE,Sea,2026-05-15 00:00:00,88.2,88.23,90.27,87.72,35.011,0.01331,4228877.0,375316298.0,-0.11321181931392993,88.33
US.SE,Sea,2026-05-18 00:00:00,87.18,88.29,89.974,86.35,35.035,0.01129,3588579.0,316487262.0,0.06800408024481726,88.23
US.SE,Sea,2026-05-19 00:00:00,87.35,87.28,88.875,86.002,34.634,0.01018,3233428.0,282003688.0,-1.1439574130705688,88.29
US.SE,Sea,2026-05-20 00:00:00,87.0,86.55,87.67,84.69,34.345,0.01413,4488658.0,388111573.0,-0.8363886342804812,87.28
US.SE,Sea,2026-05-21 00:00:00,85.35,88.96,88.98,84.63,35.301,0.00982,3119763.0,273262806.0,2.784517619872902,86.55
US.SE,Sea,2026-05-22 00:00:00,89.34,87.27,91.79,86.0237,34.63,0.00855,2715666.0,238252827.0,-1.8997302158273357,88.96
US.SE,Sea,2026-05-26 00:00:00,88.45,89.02,90.59,87.6,35.325,0.0106,3368532.0,301229795.0,2.0052709980520227,87.27
US.SE,Sea,2026-05-27 00:00:00,89.1,93.46,94.36,88.5,37.087,0.0113,3589118.0,333113046.0,4.987643226241292,89.02
US.SE,Sea,2026-05-28 00:00:00,92.0,91.94,93.19,90.88,36.484,0.01118,3551240.0,326913627.0,-1.6263642199871562,93.46
US.SE,Sea,2026-05-29 00:00:00,91.0,90.53,92.12,88.88,35.924,0.01799,5717572.0,518382574.0,-1.5336088753534878,91.94
US.SE,Sea,2026-06-01 00:00:00,91.99,95.25,97.8,91.98,37.797,0.01232,3915340.0,375197508.0,5.213741301226111,90.53
US.SE,Sea,2026-06-02 00:00:00,95.25,93.14,96.5,92.62,36.96,0.00875,2779793.0,260158025.0,-2.2152230971128604,95.25
US.SE,Sea,2026-06-03 00:00:00,92.65,89.46,93.505,88.07,35.5,0.0165,5241620.0,473985761.0,-3.951041442989056,93.14
US.SE,Sea,2026-06-04 00:00:00,91.0,92.09,93.55,90.0,36.543,0.00794,2521844.0,231862896.0,2.939861390565627,89.46
US.SE,Sea,2026-06-05 00:00:00,91.2,86.56,91.62,85.8,34.349,0.01372,4358182.0,380588841.0,-6.004995113475949,92.09
US.SE,Sea,2026-06-08 00:00:00,85.1,84.49,85.9825,83.56,33.527,0.00924,2936851.0,248101322.0,-2.3914048059149806,86.56
US.SE,Sea,2026-06-09 00:00:00,84.75,84.87,85.76,82.23,33.678,0.00947,3009275.0,252880966.0,0.44975736773583813,84.49
US.SE,Sea,2026-06-10 00:00:00,83.91,82.44,84.2,81.32,32.714,0.01284,4079194.0,335444238.0,-2.863202545068937,84.87
US.SE,Sea,2026-06-11 00:00:00,82.13,85.69,85.71,80.8,34.003,0.0086,2731453.0,229126052.0,3.9422610383309076,82.44
US.SE,Sea,2026-06-12 00:00:00,86.11,82.94,86.65,82.665,32.912,0.01079,3428166.0,286324512.0,-3.209242618741977,85.69
US.SE,Sea,2026-06-15 00:00:00,85.6,86.66,88.23,85.33,34.388,0.01227,3899797.0,339540925.0,4.4851700024113805,82.94
US.SE,Sea,2026-06-16 00:00:00,88.5,86.81,90.29,86.21,34.448,0.01016,3228733.0,282971125.0,0.1730902377105997,86.66
US.SE,Sea,2026-06-17 00:00:00,88.54,90.84,93.76,88.25,36.047,0.01556,4944731.0,453355395.0,4.642322313097571,86.81
US.SE,Sea,2026-06-18 00:00:00,90.8,91.28,92.26,89.155,36.222,0.01114,3538500.0,321746661.0,0.48436811977102345,90.84
US.SE,Sea,2026-06-22 00:00:00,90.01,89.04,90.5,88.74,35.333,0.00866,2751969.0,246355347.0,-2.4539877300613444,91.28
US.SE,Sea,2026-06-23 00:00:00,87.26,91.79,92.38,87.0,36.424,0.0102,3241156.0,294230142.0,3.0884995507637014,89.04
US.SE,Sea,2026-06-24 00:00:00,90.9,92.75,95.66,89.97,36.805,0.01067,3389590.0,316510895.0,1.0458655626974547,91.79
US.SE,Sea,2026-06-25 00:00:00,91.28,89.01,92.28,88.04,35.321,0.0095,3017095.0,270335867.0,-4.032345013477084,92.75
US.SE,Sea,2026-06-26 00:00:00,87.14,91.33,91.44,85.67,36.242,0.00855,2716802.0,244176219.0,2.6064487136276746,89.01
US.SE,Sea,2026-06-29 00:00:00,92.05,92.95,94.8409,91.19,36.884,0.00864,2744673.0,254568267.0,1.7737873645023592,91.33
US.SE,Sea,2026-06-30 00:00:00,91.34,95.83,96.16,90.16,38.027,0.01992,6330061.0,599054011.0,3.0984400215169394,92.95
US.SE,Sea,2026-07-01 00:00:00,96.89,102.33,103.3,95.775,40.607,0.01954,6207336.0,630767583.0,6.782844620682458,95.83
US.SE,Sea,2026-07-02 00:00:00,103.99,103.3,105.9,102.52,40.992,0.02328,7398454.0,769611792.0,0.9479136128212634,102.33
US.SE,Sea,2026-07-06 00:00:00,103.32,105.0,106.2,102.7887,41.666,0.01521,4833623.0,506352371.0,1.6456921587608933,103.3
US.SE,Sea,2026-07-07 00:00:00,105.0,104.23,106.81,104.0,41.361,0.01095,3479492.0,364747416.0,-0.7333333333333295,105.0
US.SE,Sea,2026-07-08 00:00:00,102.13,105.31,106.01,101.02,41.789,0.01589,5048412.0,526803509.0,1.0361700086347485,104.23
US.SE,Sea,2026-07-09 00:00:00,105.76,109.11,109.6,104.75,43.297,0.01208,3839169.0,415642860.0,3.6083942645522713,105.31
US.SE,Sea,2026-07-10 00:00:00,112.44,111.14,115.72,110.78,44.103,0.02533,8047965.0,912517971.0,1.860507744478051,109.11
US.SE,Sea,2026-07-13 00:00:00,111.22,110.66,115.54,110.56,43.912,0.02084,6623049.0,744158464.0,-0.4318877091956127,111.14
US.SE,Sea,2026-07-14 00:00:00,110.0,109.29,111.76,108.29,43.369,0.01252,5027652.0,550691037.0,-1.238026387131746,110.66
US.SE,Sea,2026-07-15 00:00:00,109.085,111.36,114.7,109.0,44.19,0.01062,4263890.0,478950157.0,1.8940433708481956,109.29
US.SE,Sea,2026-07-16 00:00:00,111.2,106.22,111.9686,105.6001,42.15,0.01272,5108185.0,551065035.0,-4.615660919540231,111.36
US.SE,Sea,2026-07-17 00:00:00,102.62,104.05,105.42,100.77,41.289,0.01497,6010599.0,621174818.0,-2.0429297684051986,106.22
US.SE,Sea,2026-07-20 00:00:00,104.0,105.69,108.205,104.0,41.94,0.00648,2603060.0,277124076.0,1.5761653051417592,104.05
US.SE,Sea,2026-07-21 00:00:00,106.68,106.26,108.19,105.45,42.166,0.00595,2388896.0,253902591.0,0.5393130854385536,105.69
US.SE,Sea,2026-07-22 00:00:00,105.54,104.88,106.86,102.9,41.619,0.009,3612842.0,380011738.0,-1.2987012987013078,106.26
US.SE,Sea,2026-07-23 00:00:00,103.99,99.5,104.64,99.3,39.484,0.01317,5287290.0,530712053.0,-5.129672006102208,104.88
US.SE,Sea,2026-07-24 00:00:00,99.5,100.0,100.96,97.59,39.682,0.01231,4941315.0,493714949.0,0.5025125628140703,99.5
US.SE,Sea,2026-07-27 00:00:00,102.65,104.39,105.4322,102.4,41.424,0.01148,4610410.0,481503014.0,4.390000000000001,100.0
US.SE,Sea,2026-07-28 00:00:00,104.8,107.41,108.02,102.805,42.623,0.01556,6245905.0,653693045.0,2.8929974135453547,104.39
US.SE,Sea,2026-07-29 00:00:00,107.47,108.37,110.07,107.1,43.003,0.00851,3415584.0,370161120.0,0.8937715296527399,107.41
US.SE,Sea,2026-07-30 00:00:00,105.53,106.24,106.61,103.78,42.158,0.00916,3677996.0,388227339.0,-1.9654886038571648,108.37
US.SE,Sea,2026-07-31 00:00:00,105.22,106.74,107.62,105.02,42.357,0.00756,3034787.0,323759410.0,0.47063253012048195,106.24
US.SE,Sea,2026-08-03 00:00:00,107.94,111.15,111.18,107.52,44.107,0.01124,4513016.0,496169758.0,4.131534569983146,106.74
US.SE,Sea,2026-08-04 00:00:00,111.01,111.44,112.71,110.3,44.222,0.01055,4234618.0,472479379.0,0.26090868196130634,111.15
US.SE,Sea,2026-08-05 00:00:00,112.01,114.91,114.95,111.43,45.599,0.01016,4077619.0,464996467.0,3.1137832017228995,111.44
US.SE,Sea,2026-08-06 00:00:00,112.12,111.0,112.6696,110.61,44.047,0.0103,4132848.0,459992807.0,-3.40266295361587,114.91
US.SE,Sea,2026-08-07 00:00:00,112.41,113.43,114.51,111.86,45.011,0.01076,4320142.0,489032406.0,2.1891891891891953,111.0
US.SE,Sea,2026-08-10 00:00:00,113.8,114.8,115.9,113.3,45.555,0.01542,6191296.0,710094656.0,1.2077933527285465,113.43
US.SE,Sea,2026-08-11 00:00:00,127.5,130.7125,131.8015,124.52,51.87,0.02914,11696825.0,1507694561.444,13.861062717770043,114.8
